Ep:     1 | Reward:    -6.9 | Avg Reward:    -6.9 | Epsilon: 0.995 | Loss 0.0000 | Steps 50
Ep:     1 | Reward:    -6.3 | Avg Reward:    -6.3 | Epsilon: 0.995 | Loss 0.0000 | Steps 50
Ep:     1 | Reward:    -8.1 | Avg Reward:    -8.1 | Epsilon: 0.995 | Loss 0.0000 | Steps 50
Ep:     2 | Reward:    -8.1 | Avg Reward:    -8.1 | Epsilon: 0.990 | Loss 0.0155 | Steps 100
Ep:     3 | Reward:    -6.3 | Avg Reward:    -7.5 | Epsilon: 0.985 | Loss 0.0060 | Steps 150
Ep:     4 | Reward:    -5.7 | Avg Reward:    -7.0 | Epsilon: 0.980 | Loss 0.0033 | Steps 200
Ep:     5 | Reward:    -8.1 | Avg Reward:    -7.3 | Epsilon: 0.975 | Loss 0.0025 | Steps 250
Ep:     6 | Reward:    -7.5 | Avg Reward:    -7.3 | Epsilon: 0.970 | Loss 0.0021 | Steps 300
Ep:     7 | Reward:    -7.5 | Avg Reward:    -7.3 | Epsilon: 0.966 | Loss 0.0020 | Steps 350
Ep:     8 | Reward:    -8.1 | Avg Reward:    -7.4 | Epsilon: 0.961 | Loss 0.0029 | Steps 400
Ep:     9 | Reward:    -7.5 | Avg Reward:    -7.4 | Epsilon: 0.956 | Loss 0.0038 | Steps 450
Ep:    10 | Reward:    -6.3 | Avg Reward:    -7.3 | Epsilon: 0.951 | Loss 0.0025 | Steps 500
Ep:    11 | Reward:    -8.1 | Avg Reward:    -7.4 | Epsilon: 0.946 | Loss 0.0035 | Steps 550
Ep:    12 | Reward:    -7.5 | Avg Reward:    -7.4 | Epsilon: 0.942 | Loss 0.0036 | Steps 600
Ep:    13 | Reward:    -8.1 | Avg Reward:    -7.5 | Epsilon: 0.937 | Loss 0.0033 | Steps 650
Ep:    14 | Reward:    -7.5 | Avg Reward:    -7.5 | Epsilon: 0.932 | Loss 0.0052 | Steps 700
Ep:    15 | Reward:    -7.5 | Avg Reward:    -7.5 | Epsilon: 0.928 | Loss 0.0047 | Steps 750
Ep:    16 | Reward:    -6.9 | Avg Reward:    -7.4 | Epsilon: 0.923 | Loss 0.0053 | Steps 800
Ep:    17 | Reward:    -8.7 | Avg Reward:    -7.5 | Epsilon: 0.918 | Loss 0.0050 | Steps 850
Ep:    18 | Reward:    -8.7 | Avg Reward:    -7.6 | Epsilon: 0.914 | Loss 0.0071 | Steps 900
Ep:    19 | Reward:    -6.9 | Avg Reward:    -7.5 | Epsilon: 0.909 | Loss 0.0068 | Steps 950
Ep:    20 | Reward:    -6.9 | Avg Reward:    -7.5 | Epsilon: 0.905 | Loss 0.0052 | Steps 1000
Ep:    21 | Reward:    -7.5 | Avg Reward:    -7.5 | Epsilon: 0.900 | Loss 0.0073 | Steps 1050
Ep:    22 | Reward:    -6.9 | Avg Reward:    -7.5 | Epsilon: 0.896 | Loss 0.0066 | Steps 1100
Ep:    23 | Reward:    -7.5 | Avg Reward:    -7.5 | Epsilon: 0.891 | Loss 0.0086 | Steps 1150
Ep:    24 | Reward:    -4.5 | Avg Reward:    -7.3 | Epsilon: 0.887 | Loss 0.0082 | Steps 1200
Ep:    25 | Reward:    -6.3 | Avg Reward:    -7.3 | Epsilon: 0.882 | Loss 0.0080 | Steps 1250
Ep:    26 | Reward:    -6.9 | Avg Reward:    -7.3 | Epsilon: 0.878 | Loss 0.0076 | Steps 1300
Ep:    27 | Reward:    -7.5 | Avg Reward:    -7.3 | Epsilon: 0.873 | Loss 0.0112 | Steps 1350
Ep:    28 | Reward:    -3.9 | Avg Reward:    -7.2 | Epsilon: 0.869 | Loss 0.0093 | Steps 1400
Ep:    29 | Reward:    -6.9 | Avg Reward:    -7.2 | Epsilon: 0.865 | Loss 0.0116 | Steps 1450
Ep:    30 | Reward:    -8.7 | Avg Reward:    -7.2 | Epsilon: 0.860 | Loss 0.0110 | Steps 1500
Ep:    31 | Reward:    -8.1 | Avg Reward:    -7.2 | Epsilon: 0.856 | Loss 0.0103 | Steps 1550
Ep:    32 | Reward:    -7.5 | Avg Reward:    -7.3 | Epsilon: 0.852 | Loss 0.0126 | Steps 1600
Ep:    33 | Reward:    -3.9 | Avg Reward:    -7.2 | Epsilon: 0.848 | Loss 0.0117 | Steps 1650
Ep:    34 | Reward:    -6.3 | Avg Reward:    -7.1 | Epsilon: 0.843 | Loss 0.0122 | Steps 1700
Ep:    35 | Reward:    -2.1 | Avg Reward:    -7.0 | Epsilon: 0.839 | Loss 0.0134 | Steps 1750
Ep:    36 | Reward:    -4.5 | Avg Reward:    -6.9 | Epsilon: 0.835 | Loss 0.0124 | Steps 1800
Ep:    37 | Reward:    -6.9 | Avg Reward:    -6.9 | Epsilon: 0.831 | Loss 0.0116 | Steps 1850
Ep:    38 | Reward:    -6.9 | Avg Reward:    -6.9 | Epsilon: 0.827 | Loss 0.0148 | Steps 1900
Ep:    39 | Reward:    -6.3 | Avg Reward:    -6.9 | Epsilon: 0.822 | Loss 0.0142 | Steps 1950
Ep:    40 | Reward:    -6.9 | Avg Reward:    -6.9 | Epsilon: 0.818 | Loss 0.0181 | Steps 2000
Ep:    41 | Reward:    -7.5 | Avg Reward:    -6.9 | Epsilon: 0.814 | Loss 0.0128 | Steps 2050
Ep:    42 | Reward:    -6.9 | Avg Reward:    -6.9 | Epsilon: 0.810 | Loss 0.0112 | Steps 2100
Ep:    43 | Reward:    -7.5 | Avg Reward:    -6.9 | Epsilon: 0.806 | Loss 0.0154 | Steps 2150
Ep:    44 | Reward:    -8.1 | Avg Reward:    -7.0 | Epsilon: 0.802 | Loss 0.0102 | Steps 2200
Ep:    45 | Reward:    -2.7 | Avg Reward:    -6.9 | Epsilon: 0.798 | Loss 0.0122 | Steps 2250
Ep:    46 | Reward:    -6.3 | Avg Reward:    -6.8 | Epsilon: 0.794 | Loss 0.0099 | Steps 2300
Ep:    47 | Reward:    -2.7 | Avg Reward:    -6.8 | Epsilon: 0.790 | Loss 0.0138 | Steps 2350
Ep:    48 | Reward:    -6.3 | Avg Reward:    -6.7 | Epsilon: 0.786 | Loss 0.0087 | Steps 2400
Ep:    49 | Reward:    -6.3 | Avg Reward:    -6.7 | Epsilon: 0.782 | Loss 0.0146 | Steps 2450
Ep:    50 | Reward:    -5.1 | Avg Reward:    -6.7 | Epsilon: 0.778 | Loss 0.0135 | Steps 2500
Ep:    51 | Reward:    -5.1 | Avg Reward:    -6.7 | Epsilon: 0.774 | Loss 0.0168 | Steps 2550
Ep:    52 | Reward:    -3.3 | Avg Reward:    -6.6 | Epsilon: 0.771 | Loss 0.0154 | Steps 2600
Ep:    53 | Reward:    -6.9 | Avg Reward:    -6.6 | Epsilon: 0.767 | Loss 0.0133 | Steps 2650
Ep:    54 | Reward:    -8.1 | Avg Reward:    -6.6 | Epsilon: 0.763 | Loss 0.0120 | Steps 2700
Ep:    55 | Reward:    -6.3 | Avg Reward:    -6.6 | Epsilon: 0.759 | Loss 0.0106 | Steps 2750
Ep:    56 | Reward:    -5.7 | Avg Reward:    -6.6 | Epsilon: 0.755 | Loss 0.0150 | Steps 2800
Ep:    57 | Reward:    -8.1 | Avg Reward:    -6.6 | Epsilon: 0.751 | Loss 0.0103 | Steps 2850
Ep:    58 | Reward:    -6.3 | Avg Reward:    -6.6 | Epsilon: 0.748 | Loss 0.0124 | Steps 2900
Ep:    59 | Reward:    -6.3 | Avg Reward:    -6.6 | Epsilon: 0.744 | Loss 0.0105 | Steps 2950
Ep:    60 | Reward:    -7.5 | Avg Reward:    -6.6 | Epsilon: 0.740 | Loss 0.0117 | Steps 3000
Ep:    61 | Reward:    -6.3 | Avg Reward:    -6.6 | Epsilon: 0.737 | Loss 0.0126 | Steps 3050
Ep:    62 | Reward:    -5.1 | Avg Reward:    -6.6 | Epsilon: 0.733 | Loss 0.0096 | Steps 3100
Ep:    63 | Reward:    -4.5 | Avg Reward:    -6.6 | Epsilon: 0.729 | Loss 0.0139 | Steps 3150
Ep:    64 | Reward:     3.9 | Avg Reward:    -6.4 | Epsilon: 0.726 | Loss 0.0086 | Steps 3200
Ep:    65 | Reward:    -7.5 | Avg Reward:    -6.4 | Epsilon: 0.722 | Loss 0.0090 | Steps 3250
Ep:    66 | Reward:    -1.5 | Avg Reward:    -6.4 | Epsilon: 0.718 | Loss 0.0093 | Steps 3300
Ep:    67 | Reward:    -6.3 | Avg Reward:    -6.4 | Epsilon: 0.715 | Loss 0.0087 | Steps 3350
Ep:    68 | Reward:    -5.7 | Avg Reward:    -6.4 | Epsilon: 0.711 | Loss 0.0117 | Steps 3400
Ep:    69 | Reward:    -4.5 | Avg Reward:    -6.3 | Epsilon: 0.708 | Loss 0.0103 | Steps 3450
Ep:    70 | Reward:    -3.3 | Avg Reward:    -6.3 | Epsilon: 0.704 | Loss 0.0119 | Steps 3500
Ep:    71 | Reward:    -4.5 | Avg Reward:    -6.3 | Epsilon: 0.701 | Loss 0.0090 | Steps 3550
Ep:    72 | Reward:    -0.3 | Avg Reward:    -6.2 | Epsilon: 0.697 | Loss 0.0078 | Steps 3600
Ep:    73 | Reward:    -6.9 | Avg Reward:    -6.2 | Epsilon: 0.694 | Loss 0.0097 | Steps 3650
Ep:    74 | Reward:    -3.3 | Avg Reward:    -6.1 | Epsilon: 0.690 | Loss 0.0072 | Steps 3700
Ep:    75 | Reward:    -3.3 | Avg Reward:    -6.1 | Epsilon: 0.687 | Loss 0.0056 | Steps 3750
Ep:    76 | Reward:    -5.1 | Avg Reward:    -6.1 | Epsilon: 0.683 | Loss 0.0056 | Steps 3800
Ep:    77 | Reward:    -6.3 | Avg Reward:    -6.1 | Epsilon: 0.680 | Loss 0.0131 | Steps 3850
Ep:    78 | Reward:    -4.5 | Avg Reward:    -6.1 | Epsilon: 0.676 | Loss 0.0107 | Steps 3900
Ep:    79 | Reward:    -6.9 | Avg Reward:    -6.1 | Epsilon: 0.673 | Loss 0.0130 | Steps 3950
Ep:    80 | Reward:    -5.7 | Avg Reward:    -6.1 | Epsilon: 0.670 | Loss 0.0048 | Steps 4000
Ep:    81 | Reward:    -6.3 | Avg Reward:    -6.1 | Epsilon: 0.666 | Loss 0.0046 | Steps 4050
Ep:    82 | Reward:    -7.5 | Avg Reward:    -6.1 | Epsilon: 0.663 | Loss 0.0059 | Steps 4100
Ep:    83 | Reward:    -7.5 | Avg Reward:    -6.1 | Epsilon: 0.660 | Loss 0.0049 | Steps 4150
Ep:    84 | Reward:    -6.3 | Avg Reward:    -6.1 | Epsilon: 0.656 | Loss 0.0043 | Steps 4200
Ep:    85 | Reward:    -6.9 | Avg Reward:    -6.1 | Epsilon: 0.653 | Loss 0.0071 | Steps 4250
Ep:    86 | Reward:    -7.5 | Avg Reward:    -6.1 | Epsilon: 0.650 | Loss 0.0068 | Steps 4300
Ep:    87 | Reward:    -5.7 | Avg Reward:    -6.1 | Epsilon: 0.647 | Loss 0.0074 | Steps 4350
Ep:    88 | Reward:     0.3 | Avg Reward:    -6.1 | Epsilon: 0.643 | Loss 0.0105 | Steps 4400
Ep:    89 | Reward:    -4.5 | Avg Reward:    -6.1 | Epsilon: 0.640 | Loss 0.0069 | Steps 4450
Ep:    90 | Reward:    -2.7 | Avg Reward:    -6.0 | Epsilon: 0.637 | Loss 0.0059 | Steps 4500
Ep:    91 | Reward:    -6.9 | Avg Reward:    -6.0 | Epsilon: 0.634 | Loss 0.0065 | Steps 4550
Ep:    92 | Reward:    -6.3 | Avg Reward:    -6.0 | Epsilon: 0.631 | Loss 0.0085 | Steps 4600
Ep:    93 | Reward:    -5.1 | Avg Reward:    -6.0 | Epsilon: 0.627 | Loss 0.0064 | Steps 4650
Ep:    94 | Reward:    -5.7 | Avg Reward:    -6.0 | Epsilon: 0.624 | Loss 0.0055 | Steps 4700
Ep:    95 | Reward:    -5.7 | Avg Reward:    -6.0 | Epsilon: 0.621 | Loss 0.0076 | Steps 4750
Ep:    96 | Reward:    -5.1 | Avg Reward:    -6.0 | Epsilon: 0.618 | Loss 0.0069 | Steps 4800
Ep:    97 | Reward:    -6.9 | Avg Reward:    -6.0 | Epsilon: 0.615 | Loss 0.0059 | Steps 4850
Ep:    98 | Reward:     1.5 | Avg Reward:    -5.9 | Epsilon: 0.612 | Loss 0.0056 | Steps 4900
Ep:    99 | Reward:     3.9 | Avg Reward:    -5.8 | Epsilon: 0.609 | Loss 0.0044 | Steps 4950
Ep:   100 | Reward:    -6.9 | Avg Reward:    -5.8 | Epsilon: 0.606 | Loss 0.0086 | Steps 5000
Ep:   101 | Reward:    -0.3 | Avg Reward:    -5.8 | Epsilon: 0.603 | Loss 0.0054 | Steps 5050
Ep:   102 | Reward:    -4.5 | Avg Reward:    -5.7 | Epsilon: 0.600 | Loss 0.0058 | Steps 5100
Ep:   103 | Reward:    -3.3 | Avg Reward:    -5.7 | Epsilon: 0.597 | Loss 0.0041 | Steps 5150
Ep:   104 | Reward:    -5.1 | Avg Reward:    -5.7 | Epsilon: 0.594 | Loss 0.0028 | Steps 5200
Ep:   105 | Reward:    -2.7 | Avg Reward:    -5.6 | Epsilon: 0.591 | Loss 0.0059 | Steps 5250
Ep:   106 | Reward:    -7.5 | Avg Reward:    -5.6 | Epsilon: 0.588 | Loss 0.0048 | Steps 5300
Ep:   107 | Reward:    -3.9 | Avg Reward:    -5.6 | Epsilon: 0.585 | Loss 0.0106 | Steps 5350
Ep:   108 | Reward:    -1.5 | Avg Reward:    -5.5 | Epsilon: 0.582 | Loss 0.0038 | Steps 5400
Ep:   109 | Reward:     3.9 | Avg Reward:    -5.4 | Epsilon: 0.579 | Loss 0.0034 | Steps 5450
Ep:   110 | Reward:    -3.3 | Avg Reward:    -5.4 | Epsilon: 0.576 | Loss 0.0045 | Steps 5500
Ep:     1 | Reward:    -7.5 | Avg Reward:    -7.5 | Epsilon: 0.995 | Loss 0.0000 | Steps 50
Ep:     2 | Reward:    -6.9 | Avg Reward:    -7.2 | Epsilon: 0.990 | Loss 0.0148 | Steps 100
Ep:     3 | Reward:    -8.7 | Avg Reward:    -7.7 | Epsilon: 0.985 | Loss 0.0057 | Steps 150
Ep:     4 | Reward:    -6.3 | Avg Reward:    -7.3 | Epsilon: 0.980 | Loss 0.0040 | Steps 200
Ep:     5 | Reward:    -8.7 | Avg Reward:    -7.6 | Epsilon: 0.975 | Loss 0.0028 | Steps 250
Ep:     1 | Reward:    -6.9 | Avg Reward:    -6.9 | Epsilon: 0.995 | Loss 0.0000 | Steps 50
Ep:     2 | Reward:    -8.1 | Avg Reward:    -7.5 | Epsilon: 0.990 | Loss 0.0166 | Steps 100
Ep:     3 | Reward:    -8.7 | Avg Reward:    -7.9 | Epsilon: 0.985 | Loss 0.0078 | Steps 150
Ep:     4 | Reward:    -8.7 | Avg Reward:    -8.1 | Epsilon: 0.980 | Loss 0.0049 | Steps 200
Ep:     5 | Reward:    -6.3 | Avg Reward:    -7.7 | Epsilon: 0.975 | Loss 0.0039 | Steps 250
Ep:     6 | Reward:    -6.9 | Avg Reward:    -7.6 | Epsilon: 0.970 | Loss 0.0031 | Steps 300
Ep:     7 | Reward:    -8.1 | Avg Reward:    -7.7 | Epsilon: 0.966 | Loss 0.0025 | Steps 350
Ep:     8 | Reward:    -6.3 | Avg Reward:    -7.5 | Epsilon: 0.961 | Loss 0.0022 | Steps 400
Ep:     9 | Reward:    -8.1 | Avg Reward:    -7.6 | Epsilon: 0.956 | Loss 0.0024 | Steps 450
Ep:    10 | Reward:    -6.9 | Avg Reward:    -7.5 | Epsilon: 0.951 | Loss 0.0026 | Steps 500
Ep:    11 | Reward:    -7.5 | Avg Reward:    -7.5 | Epsilon: 0.946 | Loss 0.0033 | Steps 550
Ep:    12 | Reward:    -6.9 | Avg Reward:    -7.4 | Epsilon: 0.942 | Loss 0.0039 | Steps 600
Ep:    13 | Reward:    -8.1 | Avg Reward:    -7.5 | Epsilon: 0.937 | Loss 0.0037 | Steps 650
Ep:    14 | Reward:    -8.1 | Avg Reward:    -7.5 | Epsilon: 0.932 | Loss 0.0042 | Steps 700
Ep:    15 | Reward:    -6.9 | Avg Reward:    -7.5 | Epsilon: 0.928 | Loss 0.0040 | Steps 750
Ep:    16 | Reward:    -8.7 | Avg Reward:    -7.6 | Epsilon: 0.923 | Loss 0.0054 | Steps 800
Ep:    17 | Reward:    -7.5 | Avg Reward:    -7.6 | Epsilon: 0.918 | Loss 0.0062 | Steps 850
Ep:    18 | Reward:    -7.5 | Avg Reward:    -7.6 | Epsilon: 0.914 | Loss 0.0046 | Steps 900
Ep:    19 | Reward:    -8.1 | Avg Reward:    -7.6 | Epsilon: 0.909 | Loss 0.0066 | Steps 950
Ep:    20 | Reward:    -7.5 | Avg Reward:    -7.6 | Epsilon: 0.905 | Loss 0.0061 | Steps 1000
Ep:    21 | Reward:    -8.7 | Avg Reward:    -7.6 | Epsilon: 0.900 | Loss 0.0083 | Steps 1050
Ep:    22 | Reward:    -8.1 | Avg Reward:    -7.7 | Epsilon: 0.896 | Loss 0.0074 | Steps 1100
Ep:    23 | Reward:    -8.1 | Avg Reward:    -7.7 | Epsilon: 0.891 | Loss 0.0066 | Steps 1150
Ep:    24 | Reward:    -8.1 | Avg Reward:    -7.7 | Epsilon: 0.887 | Loss 0.0061 | Steps 1200
Ep:    25 | Reward:    -7.5 | Avg Reward:    -7.7 | Epsilon: 0.882 | Loss 0.0067 | Steps 1250
Ep:    26 | Reward:    -7.5 | Avg Reward:    -7.7 | Epsilon: 0.878 | Loss 0.0055 | Steps 1300
Ep:    27 | Reward:    -5.1 | Avg Reward:    -7.6 | Epsilon: 0.873 | Loss 0.0050 | Steps 1350
Ep:    28 | Reward:    -6.9 | Avg Reward:    -7.6 | Epsilon: 0.869 | Loss 0.0064 | Steps 1400
Ep:    29 | Reward:    -7.5 | Avg Reward:    -7.6 | Epsilon: 0.865 | Loss 0.0069 | Steps 1450
Ep:    30 | Reward:    -5.7 | Avg Reward:    -7.5 | Epsilon: 0.860 | Loss 0.0077 | Steps 1500
Ep:    31 | Reward:    -6.9 | Avg Reward:    -7.5 | Epsilon: 0.856 | Loss 0.0110 | Steps 1550
Ep:    32 | Reward:    -5.1 | Avg Reward:    -7.4 | Epsilon: 0.852 | Loss 0.0079 | Steps 1600
Ep:    33 | Reward:    -5.1 | Avg Reward:    -7.3 | Epsilon: 0.848 | Loss 0.0084 | Steps 1650
Ep:    34 | Reward:    -3.9 | Avg Reward:    -7.2 | Epsilon: 0.843 | Loss 0.0068 | Steps 1700
Ep:    35 | Reward:    -5.7 | Avg Reward:    -7.2 | Epsilon: 0.839 | Loss 0.0100 | Steps 1750
Ep:    36 | Reward:    -8.1 | Avg Reward:    -7.2 | Epsilon: 0.835 | Loss 0.0057 | Steps 1800
Ep:    37 | Reward:    -6.9 | Avg Reward:    -7.2 | Epsilon: 0.831 | Loss 0.0079 | Steps 1850
Ep:    38 | Reward:     0.3 | Avg Reward:    -7.0 | Epsilon: 0.827 | Loss 0.0053 | Steps 1900
Ep:    39 | Reward:    -8.1 | Avg Reward:    -7.0 | Epsilon: 0.822 | Loss 0.0124 | Steps 1950
Ep:    40 | Reward:    -7.5 | Avg Reward:    -7.0 | Epsilon: 0.818 | Loss 0.0128 | Steps 2000
Ep:    41 | Reward:    -7.5 | Avg Reward:    -7.1 | Epsilon: 0.814 | Loss 0.0072 | Steps 2050
Ep:    42 | Reward:    -8.1 | Avg Reward:    -7.1 | Epsilon: 0.810 | Loss 0.0118 | Steps 2100
Ep:    43 | Reward:    -6.3 | Avg Reward:    -7.1 | Epsilon: 0.806 | Loss 0.0080 | Steps 2150
Ep:    44 | Reward:    -6.3 | Avg Reward:    -7.0 | Epsilon: 0.802 | Loss 0.0140 | Steps 2200
Ep:    45 | Reward:    -8.1 | Avg Reward:    -7.1 | Epsilon: 0.798 | Loss 0.0079 | Steps 2250
Ep:    46 | Reward:    -7.5 | Avg Reward:    -7.1 | Epsilon: 0.794 | Loss 0.0099 | Steps 2300
Ep:    47 | Reward:    -8.1 | Avg Reward:    -7.1 | Epsilon: 0.790 | Loss 0.0115 | Steps 2350
Ep:    48 | Reward:    -8.1 | Avg Reward:    -7.1 | Epsilon: 0.786 | Loss 0.0100 | Steps 2400
Ep:    49 | Reward:    -7.5 | Avg Reward:    -7.1 | Epsilon: 0.782 | Loss 0.0130 | Steps 2450
Ep:    50 | Reward:    -6.3 | Avg Reward:    -7.1 | Epsilon: 0.778 | Loss 0.0097 | Steps 2500
Ep:    51 | Reward:    -6.9 | Avg Reward:    -7.1 | Epsilon: 0.774 | Loss 0.0108 | Steps 2550
Ep:    52 | Reward:    -6.9 | Avg Reward:    -7.1 | Epsilon: 0.771 | Loss 0.0113 | Steps 2600
Ep:    53 | Reward:    -8.1 | Avg Reward:    -7.1 | Epsilon: 0.767 | Loss 0.0118 | Steps 2650
Ep:    54 | Reward:    -6.9 | Avg Reward:    -7.1 | Epsilon: 0.763 | Loss 0.0130 | Steps 2700
Ep:    55 | Reward:    -5.7 | Avg Reward:    -7.1 | Epsilon: 0.759 | Loss 0.0106 | Steps 2750
Ep:    56 | Reward:    -6.9 | Avg Reward:    -7.1 | Epsilon: 0.755 | Loss 0.0130 | Steps 2800
Ep:    57 | Reward:    -5.7 | Avg Reward:    -7.1 | Epsilon: 0.751 | Loss 0.0135 | Steps 2850
Ep:    58 | Reward:    -6.3 | Avg Reward:    -7.1 | Epsilon: 0.748 | Loss 0.0127 | Steps 2900
Ep:    59 | Reward:    -6.3 | Avg Reward:    -7.0 | Epsilon: 0.744 | Loss 0.0107 | Steps 2950
Ep:    60 | Reward:    -5.7 | Avg Reward:    -7.0 | Epsilon: 0.740 | Loss 0.0174 | Steps 3000
Ep:    61 | Reward:    -6.3 | Avg Reward:    -7.0 | Epsilon: 0.737 | Loss 0.0134 | Steps 3050
Ep:    62 | Reward:    -7.5 | Avg Reward:    -7.0 | Epsilon: 0.733 | Loss 0.0120 | Steps 3100
Ep:    63 | Reward:    -5.1 | Avg Reward:    -7.0 | Epsilon: 0.729 | Loss 0.0204 | Steps 3150
Ep:    64 | Reward:    -6.3 | Avg Reward:    -7.0 | Epsilon: 0.726 | Loss 0.0197 | Steps 3200
Ep:    65 | Reward:    -3.9 | Avg Reward:    -6.9 | Epsilon: 0.722 | Loss 0.0139 | Steps 3250
Ep:    66 | Reward:    -6.9 | Avg Reward:    -6.9 | Epsilon: 0.718 | Loss 0.0168 | Steps 3300
Ep:    67 | Reward:    -6.3 | Avg Reward:    -6.9 | Epsilon: 0.715 | Loss 0.0157 | Steps 3350
Ep:    68 | Reward:    -6.3 | Avg Reward:    -6.9 | Epsilon: 0.711 | Loss 0.0127 | Steps 3400
Ep:    69 | Reward:    -2.1 | Avg Reward:    -6.8 | Epsilon: 0.708 | Loss 0.0104 | Steps 3450
Ep:    70 | Reward:    -7.5 | Avg Reward:    -6.8 | Epsilon: 0.704 | Loss 0.0147 | Steps 3500
Ep:    71 | Reward:    -7.5 | Avg Reward:    -6.9 | Epsilon: 0.701 | Loss 0.0135 | Steps 3550
Ep:    72 | Reward:    -3.3 | Avg Reward:    -6.8 | Epsilon: 0.697 | Loss 0.0112 | Steps 3600
Ep:    73 | Reward:    -0.9 | Avg Reward:    -6.7 | Epsilon: 0.694 | Loss 0.0144 | Steps 3650
Ep:    74 | Reward:    -3.9 | Avg Reward:    -6.7 | Epsilon: 0.690 | Loss 0.0156 | Steps 3700
Ep:    75 | Reward:    -6.3 | Avg Reward:    -6.7 | Epsilon: 0.687 | Loss 0.0154 | Steps 3750
Ep:    76 | Reward:    -0.3 | Avg Reward:    -6.6 | Epsilon: 0.683 | Loss 0.0211 | Steps 3800
Ep:    77 | Reward:    -6.3 | Avg Reward:    -6.6 | Epsilon: 0.680 | Loss 0.0157 | Steps 3850
Ep:    78 | Reward:    -5.1 | Avg Reward:    -6.6 | Epsilon: 0.676 | Loss 0.0143 | Steps 3900
Ep:    79 | Reward:    -4.5 | Avg Reward:    -6.6 | Epsilon: 0.673 | Loss 0.0126 | Steps 3950
Ep:    80 | Reward:    -6.9 | Avg Reward:    -6.6 | Epsilon: 0.670 | Loss 0.0115 | Steps 4000
Ep:    81 | Reward:    -5.7 | Avg Reward:    -6.5 | Epsilon: 0.666 | Loss 0.0111 | Steps 4050
Ep:    82 | Reward:    -5.7 | Avg Reward:    -6.5 | Epsilon: 0.663 | Loss 0.0125 | Steps 4100
Ep:    83 | Reward:    -5.7 | Avg Reward:    -6.5 | Epsilon: 0.660 | Loss 0.0133 | Steps 4150
Ep:    84 | Reward:    -6.9 | Avg Reward:    -6.5 | Epsilon: 0.656 | Loss 0.0176 | Steps 4200
Ep:    85 | Reward:    -3.9 | Avg Reward:    -6.5 | Epsilon: 0.653 | Loss 0.0174 | Steps 4250
Ep:    86 | Reward:    -3.9 | Avg Reward:    -6.5 | Epsilon: 0.650 | Loss 0.0099 | Steps 4300
Ep:    87 | Reward:    -6.9 | Avg Reward:    -6.5 | Epsilon: 0.647 | Loss 0.0130 | Steps 4350
Ep:    88 | Reward:    -5.1 | Avg Reward:    -6.5 | Epsilon: 0.643 | Loss 0.0107 | Steps 4400
Ep:    89 | Reward:    -6.3 | Avg Reward:    -6.5 | Epsilon: 0.640 | Loss 0.0071 | Steps 4450
Ep:    90 | Reward:    -5.7 | Avg Reward:    -6.4 | Epsilon: 0.637 | Loss 0.0067 | Steps 4500
Ep:    91 | Reward:    -4.5 | Avg Reward:    -6.4 | Epsilon: 0.634 | Loss 0.0088 | Steps 4550
Ep:    92 | Reward:    -6.9 | Avg Reward:    -6.4 | Epsilon: 0.631 | Loss 0.0082 | Steps 4600
Ep:    93 | Reward:    -5.7 | Avg Reward:    -6.4 | Epsilon: 0.627 | Loss 0.0081 | Steps 4650
Ep:    94 | Reward:    -7.5 | Avg Reward:    -6.4 | Epsilon: 0.624 | Loss 0.0077 | Steps 4700
Ep:    95 | Reward:    -3.9 | Avg Reward:    -6.4 | Epsilon: 0.621 | Loss 0.0069 | Steps 4750
Ep:    96 | Reward:    -5.1 | Avg Reward:    -6.4 | Epsilon: 0.618 | Loss 0.0061 | Steps 4800
Ep:    97 | Reward:    -6.9 | Avg Reward:    -6.4 | Epsilon: 0.615 | Loss 0.0057 | Steps 4850
Ep:    98 | Reward:    -6.3 | Avg Reward:    -6.4 | Epsilon: 0.612 | Loss 0.0057 | Steps 4900
Ep:    99 | Reward:    -6.9 | Avg Reward:    -6.4 | Epsilon: 0.609 | Loss 0.0099 | Steps 4950
Ep:   100 | Reward:     3.3 | Avg Reward:    -6.3 | Epsilon: 0.606 | Loss 0.0079 | Steps 5000
Ep:   101 | Reward:    -6.3 | Avg Reward:    -6.3 | Epsilon: 0.603 | Loss 0.0051 | Steps 5050
Ep:   102 | Reward:    -5.1 | Avg Reward:    -6.3 | Epsilon: 0.600 | Loss 0.0044 | Steps 5100
Ep:   103 | Reward:    -0.3 | Avg Reward:    -6.2 | Epsilon: 0.597 | Loss 0.0044 | Steps 5150
Ep:   104 | Reward:    -6.9 | Avg Reward:    -6.2 | Epsilon: 0.594 | Loss 0.0043 | Steps 5200
Ep:   105 | Reward:    -6.3 | Avg Reward:    -6.2 | Epsilon: 0.591 | Loss 0.0051 | Steps 5250
Ep:   106 | Reward:    -3.3 | Avg Reward:    -6.1 | Epsilon: 0.588 | Loss 0.0044 | Steps 5300
Ep:   107 | Reward:    -5.7 | Avg Reward:    -6.1 | Epsilon: 0.585 | Loss 0.0055 | Steps 5350
Ep:   108 | Reward:     3.3 | Avg Reward:    -6.0 | Epsilon: 0.582 | Loss 0.0051 | Steps 5400
Ep:   109 | Reward:     2.7 | Avg Reward:    -5.9 | Epsilon: 0.579 | Loss 0.0051 | Steps 5450
Ep:   110 | Reward:    -6.3 | Avg Reward:    -5.9 | Epsilon: 0.576 | Loss 0.0122 | Steps 5500
Ep:   111 | Reward:    -5.1 | Avg Reward:    -5.9 | Epsilon: 0.573 | Loss 0.0101 | Steps 5550
Ep:   112 | Reward:    -6.9 | Avg Reward:    -5.9 | Epsilon: 0.570 | Loss 0.0072 | Steps 5600
Ep:   113 | Reward:    -3.3 | Avg Reward:    -5.8 | Epsilon: 0.568 | Loss 0.0049 | Steps 5650
Ep:   114 | Reward:    -3.9 | Avg Reward:    -5.8 | Epsilon: 0.565 | Loss 0.0040 | Steps 5700
Ep:   115 | Reward:    -2.7 | Avg Reward:    -5.7 | Epsilon: 0.562 | Loss 0.0047 | Steps 5750
Ep:   116 | Reward:    -6.3 | Avg Reward:    -5.7 | Epsilon: 0.559 | Loss 0.0083 | Steps 5800
Ep:   117 | Reward:    -7.5 | Avg Reward:    -5.7 | Epsilon: 0.556 | Loss 0.0059 | Steps 5850
Ep:   118 | Reward:    -0.9 | Avg Reward:    -5.7 | Epsilon: 0.554 | Loss 0.0059 | Steps 5900
Ep:   119 | Reward:    -0.9 | Avg Reward:    -5.6 | Epsilon: 0.551 | Loss 0.0050 | Steps 5950
Ep:   120 | Reward:    -6.9 | Avg Reward:    -5.6 | Epsilon: 0.548 | Loss 0.0066 | Steps 6000
Ep:   121 | Reward:    -8.1 | Avg Reward:    -5.6 | Epsilon: 0.545 | Loss 0.0037 | Steps 6050
Ep:   122 | Reward:    -8.7 | Avg Reward:    -5.6 | Epsilon: 0.543 | Loss 0.0047 | Steps 6100
Ep:   123 | Reward:    -6.9 | Avg Reward:    -5.6 | Epsilon: 0.540 | Loss 0.0046 | Steps 6150
Ep:   124 | Reward:    -6.9 | Avg Reward:    -5.5 | Epsilon: 0.537 | Loss 0.0119 | Steps 6200
Ep:   125 | Reward:    -3.9 | Avg Reward:    -5.5 | Epsilon: 0.534 | Loss 0.0088 | Steps 6250
Ep:   126 | Reward:    -8.1 | Avg Reward:    -5.5 | Epsilon: 0.532 | Loss 0.0054 | Steps 6300
Ep:   127 | Reward:    -8.7 | Avg Reward:    -5.6 | Epsilon: 0.529 | Loss 0.0042 | Steps 6350
Ep:   128 | Reward:    -5.7 | Avg Reward:    -5.5 | Epsilon: 0.526 | Loss 0.0064 | Steps 6400
Ep:   129 | Reward:    -8.1 | Avg Reward:    -5.5 | Epsilon: 0.524 | Loss 0.0039 | Steps 6450
Ep:   130 | Reward:    -8.7 | Avg Reward:    -5.6 | Epsilon: 0.521 | Loss 0.0032 | Steps 6500
Ep:   131 | Reward:    -7.5 | Avg Reward:    -5.6 | Epsilon: 0.519 | Loss 0.0033 | Steps 6550
Ep:   132 | Reward:    -2.1 | Avg Reward:    -5.6 | Epsilon: 0.516 | Loss 0.0039 | Steps 6600
Ep:   133 | Reward:    -8.1 | Avg Reward:    -5.6 | Epsilon: 0.513 | Loss 0.0042 | Steps 6650
Ep:   134 | Reward:    -7.5 | Avg Reward:    -5.6 | Epsilon: 0.511 | Loss 0.0049 | Steps 6700
Ep:   135 | Reward:    -5.7 | Avg Reward:    -5.6 | Epsilon: 0.508 | Loss 0.0064 | Steps 6750
Ep:   136 | Reward:    -6.3 | Avg Reward:    -5.6 | Epsilon: 0.506 | Loss 0.0063 | Steps 6800
Ep:   137 | Reward:     0.9 | Avg Reward:    -5.5 | Epsilon: 0.503 | Loss 0.0048 | Steps 6850
Ep:   138 | Reward:    -5.7 | Avg Reward:    -5.6 | Epsilon: 0.501 | Loss 0.0047 | Steps 6900
Ep:   139 | Reward:    -3.3 | Avg Reward:    -5.5 | Epsilon: 0.498 | Loss 0.0054 | Steps 6950
Ep:   140 | Reward:     2.7 | Avg Reward:    -5.4 | Epsilon: 0.496 | Loss 0.0059 | Steps 7000
Ep:   141 | Reward:    -5.7 | Avg Reward:    -5.4 | Epsilon: 0.493 | Loss 0.0074 | Steps 7050
Ep:   142 | Reward:    -2.7 | Avg Reward:    -5.4 | Epsilon: 0.491 | Loss 0.0048 | Steps 7100
Ep:   143 | Reward:     4.6 | Avg Reward:    -5.3 | Epsilon: 0.488 | Loss 0.0053 | Steps 7157
Ep:   144 | Reward:     0.9 | Avg Reward:    -5.2 | Epsilon: 0.486 | Loss 0.0072 | Steps 7207
Ep:   145 | Reward:     3.9 | Avg Reward:    -5.1 | Epsilon: 0.483 | Loss 0.0042 | Steps 7257
Ep:   146 | Reward:     3.9 | Avg Reward:    -4.9 | Epsilon: 0.481 | Loss 0.0054 | Steps 7307
Ep:   147 | Reward:    -6.3 | Avg Reward:    -4.9 | Epsilon: 0.479 | Loss 0.0066 | Steps 7357
Ep:   148 | Reward:    -5.7 | Avg Reward:    -4.9 | Epsilon: 0.476 | Loss 0.0069 | Steps 7407
Ep:   149 | Reward:    -4.5 | Avg Reward:    -4.9 | Epsilon: 0.474 | Loss 0.0065 | Steps 7457
Ep:   150 | Reward:    -4.5 | Avg Reward:    -4.9 | Epsilon: 0.471 | Loss 0.0074 | Steps 7507
Ep:   151 | Reward:     3.3 | Avg Reward:    -4.8 | Epsilon: 0.469 | Loss 0.0047 | Steps 7557
Ep:   152 | Reward:    -5.7 | Avg Reward:    -4.7 | Epsilon: 0.467 | Loss 0.0063 | Steps 7607
Ep:   153 | Reward:    -0.9 | Avg Reward:    -4.7 | Epsilon: 0.464 | Loss 0.0052 | Steps 7657
Ep:   154 | Reward:    -4.5 | Avg Reward:    -4.6 | Epsilon: 0.462 | Loss 0.0053 | Steps 7707
Ep:   155 | Reward:    -5.1 | Avg Reward:    -4.6 | Epsilon: 0.460 | Loss 0.0049 | Steps 7757
Ep:   156 | Reward:    -3.9 | Avg Reward:    -4.6 | Epsilon: 0.458 | Loss 0.0059 | Steps 7807
Ep:   157 | Reward:    -2.1 | Avg Reward:    -4.6 | Epsilon: 0.455 | Loss 0.0061 | Steps 7857
Ep:   158 | Reward:     2.1 | Avg Reward:    -4.5 | Epsilon: 0.453 | Loss 0.0077 | Steps 7907
Ep:   159 | Reward:    -5.1 | Avg Reward:    -4.5 | Epsilon: 0.451 | Loss 0.0052 | Steps 7957
Ep:   160 | Reward:     3.9 | Avg Reward:    -4.4 | Epsilon: 0.448 | Loss 0.0049 | Steps 8007
Ep:   161 | Reward:    -4.5 | Avg Reward:    -4.4 | Epsilon: 0.446 | Loss 0.0062 | Steps 8057
Ep:   162 | Reward:     0.9 | Avg Reward:    -4.3 | Epsilon: 0.444 | Loss 0.0091 | Steps 8107
Ep:   163 | Reward:     1.5 | Avg Reward:    -4.2 | Epsilon: 0.442 | Loss 0.0045 | Steps 8157
Ep:   164 | Reward:    -3.3 | Avg Reward:    -4.2 | Epsilon: 0.440 | Loss 0.0066 | Steps 8207
Ep:   165 | Reward:    -1.5 | Avg Reward:    -4.2 | Epsilon: 0.437 | Loss 0.0075 | Steps 8257
Ep:   166 | Reward:     2.1 | Avg Reward:    -4.1 | Epsilon: 0.435 | Loss 0.0063 | Steps 8307
Ep:   167 | Reward:    -5.1 | Avg Reward:    -4.1 | Epsilon: 0.433 | Loss 0.0076 | Steps 8357
Ep:   168 | Reward:    -2.1 | Avg Reward:    -4.0 | Epsilon: 0.431 | Loss 0.0062 | Steps 8407
Ep:   169 | Reward:    -2.7 | Avg Reward:    -4.0 | Epsilon: 0.429 | Loss 0.0060 | Steps 8457
Ep:   170 | Reward:    -3.3 | Avg Reward:    -4.0 | Epsilon: 0.427 | Loss 0.0054 | Steps 8507
Ep:   171 | Reward:     2.7 | Avg Reward:    -3.9 | Epsilon: 0.424 | Loss 0.0038 | Steps 8557
Ep:   172 | Reward:    -6.9 | Avg Reward:    -3.9 | Epsilon: 0.422 | Loss 0.0057 | Steps 8607
Ep:   173 | Reward:     1.5 | Avg Reward:    -3.9 | Epsilon: 0.420 | Loss 0.0113 | Steps 8657
Ep:   174 | Reward:     4.4 | Avg Reward:    -3.8 | Epsilon: 0.418 | Loss 0.0061 | Steps 8712
Ep:   175 | Reward:     3.9 | Avg Reward:    -3.7 | Epsilon: 0.416 | Loss 0.0057 | Steps 8762
Ep:   176 | Reward:     1.5 | Avg Reward:    -3.7 | Epsilon: 0.414 | Loss 0.0062 | Steps 8812
Ep:   177 | Reward:     1.5 | Avg Reward:    -3.6 | Epsilon: 0.412 | Loss 0.0150 | Steps 8862
Ep:   178 | Reward:    -5.1 | Avg Reward:    -3.6 | Epsilon: 0.410 | Loss 0.0105 | Steps 8912
Ep:   179 | Reward:    -4.5 | Avg Reward:    -3.6 | Epsilon: 0.408 | Loss 0.0063 | Steps 8962
Ep:   180 | Reward:    -3.3 | Avg Reward:    -3.6 | Epsilon: 0.406 | Loss 0.0078 | Steps 9012
Ep:   181 | Reward:    -2.7 | Avg Reward:    -3.5 | Epsilon: 0.404 | Loss 0.0070 | Steps 9062
Ep:   182 | Reward:     3.9 | Avg Reward:    -3.4 | Epsilon: 0.402 | Loss 0.0096 | Steps 9112
Ep:   183 | Reward:     3.9 | Avg Reward:    -3.4 | Epsilon: 0.400 | Loss 0.0068 | Steps 9162
Ep:   184 | Reward:     2.1 | Avg Reward:    -3.3 | Epsilon: 0.398 | Loss 0.0067 | Steps 9212
Ep:   185 | Reward:    -0.3 | Avg Reward:    -3.2 | Epsilon: 0.396 | Loss 0.0081 | Steps 9262
Ep:   186 | Reward:    -6.3 | Avg Reward:    -3.3 | Epsilon: 0.394 | Loss 0.0045 | Steps 9312
Ep:   187 | Reward:     3.9 | Avg Reward:    -3.1 | Epsilon: 0.392 | Loss 0.0062 | Steps 9362
Ep:   188 | Reward:     3.9 | Avg Reward:    -3.1 | Epsilon: 0.390 | Loss 0.0101 | Steps 9412
Ep:   189 | Reward:     3.9 | Avg Reward:    -3.0 | Epsilon: 0.388 | Loss 0.0071 | Steps 9462
Ep:   190 | Reward:     3.9 | Avg Reward:    -2.9 | Epsilon: 0.386 | Loss 0.0080 | Steps 9512
Ep:   191 | Reward:     3.3 | Avg Reward:    -2.8 | Epsilon: 0.384 | Loss 0.0073 | Steps 9562
Ep:   192 | Reward:     3.9 | Avg Reward:    -2.7 | Epsilon: 0.382 | Loss 0.0083 | Steps 9612
Ep:   193 | Reward:     5.0 | Avg Reward:    -2.6 | Epsilon: 0.380 | Loss 0.0067 | Steps 9673
Ep:   194 | Reward:     2.1 | Avg Reward:    -2.5 | Epsilon: 0.378 | Loss 0.0122 | Steps 9723
Ep:   195 | Reward:     3.9 | Avg Reward:    -2.4 | Epsilon: 0.376 | Loss 0.0059 | Steps 9773
Ep:   196 | Reward:    -5.7 | Avg Reward:    -2.4 | Epsilon: 0.374 | Loss 0.0048 | Steps 9823
Ep:   197 | Reward:    -2.7 | Avg Reward:    -2.4 | Epsilon: 0.373 | Loss 0.0070 | Steps 9873
Ep:   198 | Reward:     3.9 | Avg Reward:    -2.3 | Epsilon: 0.371 | Loss 0.0057 | Steps 9923
Ep:   199 | Reward:    -2.1 | Avg Reward:    -2.2 | Epsilon: 0.369 | Loss 0.0065 | Steps 9973
Ep:   200 | Reward:    -6.9 | Avg Reward:    -2.3 | Epsilon: 0.367 | Loss 0.0091 | Steps 10023
Ep:   201 | Reward:     0.9 | Avg Reward:    -2.2 | Epsilon: 0.365 | Loss 0.0140 | Steps 10073
Ep:   202 | Reward:    -5.7 | Avg Reward:    -2.2 | Epsilon: 0.363 | Loss 0.0133 | Steps 10123
Ep:   203 | Reward:     2.7 | Avg Reward:    -2.2 | Epsilon: 0.361 | Loss 0.0057 | Steps 10173
Ep:   204 | Reward:     3.9 | Avg Reward:    -2.1 | Epsilon: 0.360 | Loss 0.0075 | Steps 10223
Ep:   205 | Reward:     3.9 | Avg Reward:    -2.0 | Epsilon: 0.358 | Loss 0.0104 | Steps 10273
Ep:   206 | Reward:    -3.9 | Avg Reward:    -2.0 | Epsilon: 0.356 | Loss 0.0100 | Steps 10323
Ep:   207 | Reward:     3.9 | Avg Reward:    -1.9 | Epsilon: 0.354 | Loss 0.0072 | Steps 10373
Ep:   208 | Reward:     3.9 | Avg Reward:    -1.9 | Epsilon: 0.353 | Loss 0.0073 | Steps 10423
Ep:   209 | Reward:     3.9 | Avg Reward:    -1.9 | Epsilon: 0.351 | Loss 0.0054 | Steps 10473
Ep:   210 | Reward:     4.2 | Avg Reward:    -1.8 | Epsilon: 0.349 | Loss 0.0069 | Steps 10526
Ep:   211 | Reward:     3.9 | Avg Reward:    -1.7 | Epsilon: 0.347 | Loss 0.0086 | Steps 10576
Ep:   212 | Reward:    -2.1 | Avg Reward:    -1.6 | Epsilon: 0.346 | Loss 0.0079 | Steps 10626
Ep:   213 | Reward:     0.3 | Avg Reward:    -1.6 | Epsilon: 0.344 | Loss 0.0106 | Steps 10676
Ep:   214 | Reward:     3.9 | Avg Reward:    -1.5 | Epsilon: 0.342 | Loss 0.0078 | Steps 10726
Ep:   215 | Reward:     2.1 | Avg Reward:    -1.5 | Epsilon: 0.340 | Loss 0.0089 | Steps 10776
Ep:   216 | Reward:     4.6 | Avg Reward:    -1.4 | Epsilon: 0.339 | Loss 0.0096 | Steps 10833
Ep:   217 | Reward:     3.9 | Avg Reward:    -1.3 | Epsilon: 0.337 | Loss 0.0073 | Steps 10883
Ep:   218 | Reward:     3.9 | Avg Reward:    -1.2 | Epsilon: 0.335 | Loss 0.0089 | Steps 10933
Ep:   219 | Reward:    -2.1 | Avg Reward:    -1.2 | Epsilon: 0.334 | Loss 0.0101 | Steps 10983
Ep:   220 | Reward:     1.5 | Avg Reward:    -1.1 | Epsilon: 0.332 | Loss 0.0107 | Steps 11033
Ep:   221 | Reward:     3.9 | Avg Reward:    -1.0 | Epsilon: 0.330 | Loss 0.0143 | Steps 11083
Ep:   222 | Reward:     3.9 | Avg Reward:    -0.9 | Epsilon: 0.329 | Loss 0.0098 | Steps 11133
Ep:   223 | Reward:    -3.9 | Avg Reward:    -0.9 | Epsilon: 0.327 | Loss 0.0066 | Steps 11183
Ep:   224 | Reward:    -2.1 | Avg Reward:    -0.8 | Epsilon: 0.325 | Loss 0.0065 | Steps 11233
Ep:   225 | Reward:     3.9 | Avg Reward:    -0.7 | Epsilon: 0.324 | Loss 0.0061 | Steps 11283
Ep:   226 | Reward:    -4.5 | Avg Reward:    -0.7 | Epsilon: 0.322 | Loss 0.0091 | Steps 11333
Ep:   227 | Reward:     3.9 | Avg Reward:    -0.6 | Epsilon: 0.321 | Loss 0.0083 | Steps 11383
Ep:   228 | Reward:     3.9 | Avg Reward:    -0.5 | Epsilon: 0.319 | Loss 0.0057 | Steps 11433
Ep:   229 | Reward:     3.9 | Avg Reward:    -0.4 | Epsilon: 0.317 | Loss 0.0055 | Steps 11483
Ep:   230 | Reward:     0.3 | Avg Reward:    -0.3 | Epsilon: 0.316 | Loss 0.0069 | Steps 11533
Ep:   231 | Reward:     1.5 | Avg Reward:    -0.2 | Epsilon: 0.314 | Loss 0.0060 | Steps 11583
Ep:   232 | Reward:     6.4 | Avg Reward:    -0.1 | Epsilon: 0.313 | Loss 0.0084 | Steps 11649
Ep:   233 | Reward:    -0.3 | Avg Reward:    -0.0 | Epsilon: 0.311 | Loss 0.0074 | Steps 11699
Ep:   234 | Reward:    -5.7 | Avg Reward:    -0.0 | Epsilon: 0.309 | Loss 0.0075 | Steps 11749
Ep:   235 | Reward:     3.9 | Avg Reward:     0.1 | Epsilon: 0.308 | Loss 0.0118 | Steps 11799
Ep:   236 | Reward:     3.9 | Avg Reward:     0.2 | Epsilon: 0.306 | Loss 0.0102 | Steps 11849
Ep:   237 | Reward:    -0.3 | Avg Reward:     0.2 | Epsilon: 0.305 | Loss 0.0073 | Steps 11899
Ep:   238 | Reward:     3.9 | Avg Reward:     0.3 | Epsilon: 0.303 | Loss 0.0067 | Steps 11949
Ep:   239 | Reward:     3.9 | Avg Reward:     0.4 | Epsilon: 0.302 | Loss 0.0048 | Steps 11999
Ep:   240 | Reward:    -6.3 | Avg Reward:     0.3 | Epsilon: 0.300 | Loss 0.0067 | Steps 12049
Ep:   241 | Reward:     4.0 | Avg Reward:     0.4 | Epsilon: 0.299 | Loss 0.0080 | Steps 12100
Ep:   242 | Reward:     3.9 | Avg Reward:     0.4 | Epsilon: 0.297 | Loss 0.0075 | Steps 12150
Ep:   243 | Reward:    -1.5 | Avg Reward:     0.4 | Epsilon: 0.296 | Loss 0.0067 | Steps 12200
Ep:   244 | Reward:     3.3 | Avg Reward:     0.4 | Epsilon: 0.294 | Loss 0.0061 | Steps 12250
Ep:   245 | Reward:     0.9 | Avg Reward:     0.4 | Epsilon: 0.293 | Loss 0.0055 | Steps 12300
Ep:   246 | Reward:     0.3 | Avg Reward:     0.3 | Epsilon: 0.291 | Loss 0.0085 | Steps 12350
Ep:   247 | Reward:     3.3 | Avg Reward:     0.4 | Epsilon: 0.290 | Loss 0.0114 | Steps 12400
Ep:   248 | Reward:     2.1 | Avg Reward:     0.5 | Epsilon: 0.288 | Loss 0.0070 | Steps 12450
Ep:   249 | Reward:     2.7 | Avg Reward:     0.6 | Epsilon: 0.287 | Loss 0.0063 | Steps 12500
Ep:   250 | Reward:     3.9 | Avg Reward:     0.7 | Epsilon: 0.286 | Loss 0.0049 | Steps 12550
Ep:   251 | Reward:    -2.1 | Avg Reward:     0.6 | Epsilon: 0.284 | Loss 0.0076 | Steps 12600
Ep:   252 | Reward:     3.9 | Avg Reward:     0.7 | Epsilon: 0.283 | Loss 0.0067 | Steps 12650
Ep:   253 | Reward:     3.9 | Avg Reward:     0.7 | Epsilon: 0.281 | Loss 0.0073 | Steps 12700
Ep:   254 | Reward:     3.9 | Avg Reward:     0.8 | Epsilon: 0.280 | Loss 0.0053 | Steps 12750
Ep:   255 | Reward:     3.9 | Avg Reward:     0.9 | Epsilon: 0.279 | Loss 0.0056 | Steps 12800
Ep:   256 | Reward:     4.9 | Avg Reward:     1.0 | Epsilon: 0.277 | Loss 0.0078 | Steps 12860
Ep:   257 | Reward:     3.9 | Avg Reward:     1.1 | Epsilon: 0.276 | Loss 0.0073 | Steps 12910
Ep:   258 | Reward:     3.9 | Avg Reward:     1.1 | Epsilon: 0.274 | Loss 0.0087 | Steps 12960
Ep:   259 | Reward:     3.9 | Avg Reward:     1.2 | Epsilon: 0.273 | Loss 0.0088 | Steps 13010
Ep:   260 | Reward:    -2.1 | Avg Reward:     1.1 | Epsilon: 0.272 | Loss 0.0059 | Steps 13060
Ep:   261 | Reward:     3.9 | Avg Reward:     1.2 | Epsilon: 0.270 | Loss 0.0065 | Steps 13110
Ep:   262 | Reward:    -0.3 | Avg Reward:     1.2 | Epsilon: 0.269 | Loss 0.0081 | Steps 13160
Ep:   263 | Reward:     3.9 | Avg Reward:     1.2 | Epsilon: 0.268 | Loss 0.0059 | Steps 13210
Ep:   264 | Reward:     0.9 | Avg Reward:     1.2 | Epsilon: 0.266 | Loss 0.0065 | Steps 13260
Ep:   265 | Reward:     2.0 | Avg Reward:     1.3 | Epsilon: 0.265 | Loss 0.0078 | Steps 13291
Ep:   266 | Reward:     3.9 | Avg Reward:     1.3 | Epsilon: 0.264 | Loss 0.0085 | Steps 13341
Ep:   267 | Reward:    -5.7 | Avg Reward:     1.3 | Epsilon: 0.262 | Loss 0.0098 | Steps 13391
Ep:   268 | Reward:     3.9 | Avg Reward:     1.4 | Epsilon: 0.261 | Loss 0.0097 | Steps 13441
Ep:   269 | Reward:     3.9 | Avg Reward:     1.4 | Epsilon: 0.260 | Loss 0.0097 | Steps 13491
Ep:   270 | Reward:     3.9 | Avg Reward:     1.5 | Epsilon: 0.258 | Loss 0.0119 | Steps 13541
Ep:   271 | Reward:     3.9 | Avg Reward:     1.5 | Epsilon: 0.257 | Loss 0.0053 | Steps 13591
Ep:   272 | Reward:    -3.3 | Avg Reward:     1.5 | Epsilon: 0.256 | Loss 0.0059 | Steps 13641
Ep:   273 | Reward:    -0.9 | Avg Reward:     1.5 | Epsilon: 0.255 | Loss 0.0074 | Steps 13691
Ep:   274 | Reward:     3.3 | Avg Reward:     1.5 | Epsilon: 0.253 | Loss 0.0071 | Steps 13735
Ep:   275 | Reward:     1.5 | Avg Reward:     1.5 | Epsilon: 0.252 | Loss 0.0131 | Steps 13785
Ep:   276 | Reward:     0.9 | Avg Reward:     1.5 | Epsilon: 0.251 | Loss 0.0049 | Steps 13835
Ep:   277 | Reward:    -1.5 | Avg Reward:     1.4 | Epsilon: 0.249 | Loss 0.0077 | Steps 13885
Ep:   278 | Reward:     2.1 | Avg Reward:     1.5 | Epsilon: 0.248 | Loss 0.0084 | Steps 13935
Ep:   279 | Reward:     0.9 | Avg Reward:     1.6 | Epsilon: 0.247 | Loss 0.0073 | Steps 13985
Ep:   280 | Reward:     2.0 | Avg Reward:     1.6 | Epsilon: 0.246 | Loss 0.0067 | Steps 14016
Ep:   281 | Reward:     3.9 | Avg Reward:     1.7 | Epsilon: 0.245 | Loss 0.0082 | Steps 14066
Ep:   282 | Reward:     3.9 | Avg Reward:     1.7 | Epsilon: 0.243 | Loss 0.0094 | Steps 14116
Ep:   283 | Reward:     3.9 | Avg Reward:     1.7 | Epsilon: 0.242 | Loss 0.0100 | Steps 14166
Ep:   284 | Reward:     3.9 | Avg Reward:     1.7 | Epsilon: 0.241 | Loss 0.0087 | Steps 14216
Ep:   285 | Reward:    -0.3 | Avg Reward:     1.7 | Epsilon: 0.240 | Loss 0.0104 | Steps 14266
Ep:   286 | Reward:     3.9 | Avg Reward:     1.8 | Epsilon: 0.238 | Loss 0.0080 | Steps 14316
Ep:   287 | Reward:     1.5 | Avg Reward:     1.8 | Epsilon: 0.237 | Loss 0.0052 | Steps 14366
Ep:   288 | Reward:     3.9 | Avg Reward:     1.8 | Epsilon: 0.236 | Loss 0.0073 | Steps 14416
Ep:   289 | Reward:     3.9 | Avg Reward:     1.8 | Epsilon: 0.235 | Loss 0.0084 | Steps 14466
Ep:   290 | Reward:     4.2 | Avg Reward:     1.8 | Epsilon: 0.234 | Loss 0.0049 | Steps 14519
Ep:   291 | Reward:     4.7 | Avg Reward:     1.8 | Epsilon: 0.233 | Loss 0.0073 | Steps 14577
Ep:   292 | Reward:     3.9 | Avg Reward:     1.8 | Epsilon: 0.231 | Loss 0.0101 | Steps 14627
Ep:   293 | Reward:     3.9 | Avg Reward:     1.8 | Epsilon: 0.230 | Loss 0.0089 | Steps 14677
Ep:   294 | Reward:     4.5 | Avg Reward:     1.8 | Epsilon: 0.229 | Loss 0.0095 | Steps 14733
Ep:   295 | Reward:     3.9 | Avg Reward:     1.8 | Epsilon: 0.228 | Loss 0.0099 | Steps 14783
Ep:   296 | Reward:     2.7 | Avg Reward:     1.9 | Epsilon: 0.227 | Loss 0.0139 | Steps 14833
Ep:   297 | Reward:     3.9 | Avg Reward:     2.0 | Epsilon: 0.226 | Loss 0.0188 | Steps 14883
Ep:   298 | Reward:     3.9 | Avg Reward:     2.0 | Epsilon: 0.225 | Loss 0.0088 | Steps 14933
Ep:   299 | Reward:     2.7 | Avg Reward:     2.0 | Epsilon: 0.223 | Loss 0.0108 | Steps 14983
Ep:   300 | Reward:     3.9 | Avg Reward:     2.1 | Epsilon: 0.222 | Loss 0.0141 | Steps 15033
Ep:   301 | Reward:     2.9 | Avg Reward:     2.1 | Epsilon: 0.221 | Loss 0.0093 | Steps 15073
Ep:   302 | Reward:     3.9 | Avg Reward:     2.2 | Epsilon: 0.220 | Loss 0.0072 | Steps 15123
Ep:   303 | Reward:     3.9 | Avg Reward:     2.3 | Epsilon: 0.219 | Loss 0.0080 | Steps 15173
Ep:   304 | Reward:     3.9 | Avg Reward:     2.3 | Epsilon: 0.218 | Loss 0.0073 | Steps 15223
Ep:   305 | Reward:     5.0 | Avg Reward:     2.3 | Epsilon: 0.217 | Loss 0.0092 | Steps 15284
Ep:   306 | Reward:     6.1 | Avg Reward:     2.4 | Epsilon: 0.216 | Loss 0.0189 | Steps 15347
Ep:   307 | Reward:     2.7 | Avg Reward:     2.4 | Epsilon: 0.215 | Loss 0.0067 | Steps 15397
Ep:   308 | Reward:     3.9 | Avg Reward:     2.4 | Epsilon: 0.214 | Loss 0.0064 | Steps 15447
Ep:   309 | Reward:     4.0 | Avg Reward:     2.4 | Epsilon: 0.212 | Loss 0.0181 | Steps 15498
Ep:   310 | Reward:     3.9 | Avg Reward:     2.3 | Epsilon: 0.211 | Loss 0.0166 | Steps 15548
Ep:   311 | Reward:     3.9 | Avg Reward:     2.3 | Epsilon: 0.210 | Loss 0.0198 | Steps 15598
Ep:   312 | Reward:     3.9 | Avg Reward:     2.4 | Epsilon: 0.209 | Loss 0.0089 | Steps 15648
Ep:   313 | Reward:     3.9 | Avg Reward:     2.4 | Epsilon: 0.208 | Loss 0.0156 | Steps 15698
Ep:   314 | Reward:     3.9 | Avg Reward:     2.4 | Epsilon: 0.207 | Loss 0.0068 | Steps 15748
Ep:   315 | Reward:     2.1 | Avg Reward:     2.4 | Epsilon: 0.206 | Loss 0.0067 | Steps 15798
Ep:   316 | Reward:     3.9 | Avg Reward:     2.4 | Epsilon: 0.205 | Loss 0.0105 | Steps 15848
Ep:   317 | Reward:     3.9 | Avg Reward:     2.4 | Epsilon: 0.204 | Loss 0.0102 | Steps 15898
Ep:   318 | Reward:     3.9 | Avg Reward:     2.4 | Epsilon: 0.203 | Loss 0.0101 | Steps 15948
Ep:   319 | Reward:     3.9 | Avg Reward:     2.5 | Epsilon: 0.202 | Loss 0.0061 | Steps 15998
Ep:   320 | Reward:     4.6 | Avg Reward:     2.5 | Epsilon: 0.201 | Loss 0.0083 | Steps 16055
Ep:   321 | Reward:    -3.9 | Avg Reward:     2.5 | Epsilon: 0.200 | Loss 0.0160 | Steps 16105
Ep:   322 | Reward:     3.9 | Avg Reward:     2.5 | Epsilon: 0.199 | Loss 0.0122 | Steps 16155
Ep:   323 | Reward:     3.9 | Avg Reward:     2.5 | Epsilon: 0.198 | Loss 0.0141 | Steps 16205
Ep:   324 | Reward:     3.9 | Avg Reward:     2.6 | Epsilon: 0.197 | Loss 0.0107 | Steps 16255
Ep:   325 | Reward:     3.9 | Avg Reward:     2.6 | Epsilon: 0.196 | Loss 0.0152 | Steps 16305
Ep:   326 | Reward:     3.3 | Avg Reward:     2.7 | Epsilon: 0.195 | Loss 0.0111 | Steps 16355
Ep:   327 | Reward:     4.1 | Avg Reward:     2.7 | Epsilon: 0.194 | Loss 0.0101 | Steps 16407
Ep:   328 | Reward:     4.7 | Avg Reward:     2.7 | Epsilon: 0.193 | Loss 0.0160 | Steps 16465
Ep:   329 | Reward:    -5.7 | Avg Reward:     2.6 | Epsilon: 0.192 | Loss 0.0349 | Steps 16515
Ep:   330 | Reward:    -1.5 | Avg Reward:     2.6 | Epsilon: 0.191 | Loss 0.0239 | Steps 16565
Ep:   331 | Reward:    -1.5 | Avg Reward:     2.5 | Epsilon: 0.190 | Loss 0.0106 | Steps 16615
Ep:   332 | Reward:     3.9 | Avg Reward:     2.5 | Epsilon: 0.189 | Loss 0.0081 | Steps 16665
Ep:   333 | Reward:     3.9 | Avg Reward:     2.6 | Epsilon: 0.188 | Loss 0.0099 | Steps 16715
Ep:   334 | Reward:     3.9 | Avg Reward:     2.6 | Epsilon: 0.187 | Loss 0.0097 | Steps 16765
Ep:   335 | Reward:     3.9 | Avg Reward:     2.6 | Epsilon: 0.187 | Loss 0.0111 | Steps 16815
Ep:   336 | Reward:     3.9 | Avg Reward:     2.6 | Epsilon: 0.186 | Loss 0.0108 | Steps 16865
Ep:   337 | Reward:     3.9 | Avg Reward:     2.7 | Epsilon: 0.185 | Loss 0.0110 | Steps 16915
Ep:   338 | Reward:     3.9 | Avg Reward:     2.7 | Epsilon: 0.184 | Loss 0.0063 | Steps 16965
Ep:   339 | Reward:     3.9 | Avg Reward:     2.7 | Epsilon: 0.183 | Loss 0.0121 | Steps 17015
Ep:   340 | Reward:     3.9 | Avg Reward:     2.8 | Epsilon: 0.182 | Loss 0.0119 | Steps 17065
Ep:   341 | Reward:     3.9 | Avg Reward:     2.8 | Epsilon: 0.181 | Loss 0.0110 | Steps 17115
Ep:   342 | Reward:     3.9 | Avg Reward:     2.8 | Epsilon: 0.180 | Loss 0.0127 | Steps 17165
Ep:   343 | Reward:    -2.1 | Avg Reward:     2.8 | Epsilon: 0.179 | Loss 0.0128 | Steps 17215
Ep:   344 | Reward:    -2.1 | Avg Reward:     2.7 | Epsilon: 0.178 | Loss 0.0142 | Steps 17265
Ep:   345 | Reward:     3.9 | Avg Reward:     2.8 | Epsilon: 0.177 | Loss 0.0159 | Steps 17315
Ep:   346 | Reward:     4.0 | Avg Reward:     2.8 | Epsilon: 0.177 | Loss 0.0142 | Steps 17366
Ep:   347 | Reward:     0.3 | Avg Reward:     2.8 | Epsilon: 0.176 | Loss 0.0129 | Steps 17416
Ep:   348 | Reward:    -8.1 | Avg Reward:     2.7 | Epsilon: 0.175 | Loss 0.0129 | Steps 17466
Ep:   349 | Reward:    -5.1 | Avg Reward:     2.6 | Epsilon: 0.174 | Loss 0.0116 | Steps 17516
Ep:   350 | Reward:     3.9 | Avg Reward:     2.6 | Epsilon: 0.173 | Loss 0.0097 | Steps 17566
Ep:   351 | Reward:     3.9 | Avg Reward:     2.6 | Epsilon: 0.172 | Loss 0.0112 | Steps 17616
Ep:   352 | Reward:     8.4 | Avg Reward:     2.7 | Epsilon: 0.171 | Loss 0.0204 | Steps 17702
Ep:   353 | Reward:    -0.9 | Avg Reward:     2.6 | Epsilon: 0.170 | Loss 0.0123 | Steps 17752
Ep:   354 | Reward:    -0.9 | Avg Reward:     2.6 | Epsilon: 0.170 | Loss 0.0101 | Steps 17802
Ep:   355 | Reward:    -5.7 | Avg Reward:     2.5 | Epsilon: 0.169 | Loss 0.0109 | Steps 17852
Ep:   356 | Reward:    -0.9 | Avg Reward:     2.4 | Epsilon: 0.168 | Loss 0.0110 | Steps 17902
Ep:   357 | Reward:    -5.1 | Avg Reward:     2.4 | Epsilon: 0.167 | Loss 0.0130 | Steps 17952
Ep:   358 | Reward:     0.9 | Avg Reward:     2.3 | Epsilon: 0.166 | Loss 0.0169 | Steps 18002
Ep:   359 | Reward:     3.9 | Avg Reward:     2.3 | Epsilon: 0.165 | Loss 0.0142 | Steps 18052
Ep:   360 | Reward:     3.9 | Avg Reward:     2.4 | Epsilon: 0.165 | Loss 0.0086 | Steps 18102
Ep:   361 | Reward:     4.1 | Avg Reward:     2.4 | Epsilon: 0.164 | Loss 0.0115 | Steps 18154
Ep:   362 | Reward:     3.9 | Avg Reward:     2.4 | Epsilon: 0.163 | Loss 0.0124 | Steps 18204
Ep:   363 | Reward:    -3.9 | Avg Reward:     2.3 | Epsilon: 0.162 | Loss 0.0127 | Steps 18254
Ep:   364 | Reward:    -3.9 | Avg Reward:     2.3 | Epsilon: 0.161 | Loss 0.0149 | Steps 18304
Ep:   365 | Reward:    -2.1 | Avg Reward:     2.3 | Epsilon: 0.160 | Loss 0.0080 | Steps 18354
Ep:   366 | Reward:    -5.7 | Avg Reward:     2.2 | Epsilon: 0.160 | Loss 0.0140 | Steps 18404
Ep:   367 | Reward:    -1.5 | Avg Reward:     2.2 | Epsilon: 0.159 | Loss 0.0126 | Steps 18454
Ep:   368 | Reward:     3.9 | Avg Reward:     2.2 | Epsilon: 0.158 | Loss 0.0209 | Steps 18504
Ep:   369 | Reward:    -0.9 | Avg Reward:     2.2 | Epsilon: 0.157 | Loss 0.0144 | Steps 18554
Ep:   370 | Reward:    -2.1 | Avg Reward:     2.1 | Epsilon: 0.157 | Loss 0.0129 | Steps 18604
Ep:   371 | Reward:    -7.5 | Avg Reward:     2.0 | Epsilon: 0.156 | Loss 0.0130 | Steps 18654
Ep:   372 | Reward:    -7.5 | Avg Reward:     1.9 | Epsilon: 0.155 | Loss 0.0214 | Steps 18704
Ep:   373 | Reward:    -7.5 | Avg Reward:     1.9 | Epsilon: 0.154 | Loss 0.0178 | Steps 18754
Ep:   374 | Reward:    -4.5 | Avg Reward:     1.8 | Epsilon: 0.153 | Loss 0.0110 | Steps 18804
Ep:   375 | Reward:    -2.7 | Avg Reward:     1.8 | Epsilon: 0.153 | Loss 0.0176 | Steps 18854
Ep:   376 | Reward:     6.4 | Avg Reward:     1.8 | Epsilon: 0.152 | Loss 0.0113 | Steps 18920
Ep:   377 | Reward:    -2.7 | Avg Reward:     1.8 | Epsilon: 0.151 | Loss 0.0099 | Steps 18970
Ep:   378 | Reward:     3.9 | Avg Reward:     1.8 | Epsilon: 0.150 | Loss 0.0168 | Steps 19020
Ep:   379 | Reward:    -1.5 | Avg Reward:     1.8 | Epsilon: 0.150 | Loss 0.0125 | Steps 19070
Ep:   380 | Reward:     3.9 | Avg Reward:     1.8 | Epsilon: 0.149 | Loss 0.0105 | Steps 19120
Ep:   381 | Reward:     3.9 | Avg Reward:     1.8 | Epsilon: 0.148 | Loss 0.0136 | Steps 19170
Ep:   382 | Reward:     0.3 | Avg Reward:     1.8 | Epsilon: 0.147 | Loss 0.0104 | Steps 19220
Ep:   383 | Reward:     3.9 | Avg Reward:     1.8 | Epsilon: 0.147 | Loss 0.0200 | Steps 19270
Ep:   384 | Reward:     3.9 | Avg Reward:     1.8 | Epsilon: 0.146 | Loss 0.0358 | Steps 19320
Ep:   385 | Reward:     1.5 | Avg Reward:     1.8 | Epsilon: 0.145 | Loss 0.0250 | Steps 19370
Ep:   386 | Reward:     0.9 | Avg Reward:     1.8 | Epsilon: 0.144 | Loss 0.0132 | Steps 19420
Ep:   387 | Reward:    -3.9 | Avg Reward:     1.7 | Epsilon: 0.144 | Loss 0.0234 | Steps 19470
Ep:   388 | Reward:     0.3 | Avg Reward:     1.7 | Epsilon: 0.143 | Loss 0.0171 | Steps 19520
Ep:   389 | Reward:    -6.9 | Avg Reward:     1.6 | Epsilon: 0.142 | Loss 0.0171 | Steps 19570
Ep:   390 | Reward:     3.9 | Avg Reward:     1.6 | Epsilon: 0.142 | Loss 0.0098 | Steps 19620
Ep:   391 | Reward:    -7.5 | Avg Reward:     1.4 | Epsilon: 0.141 | Loss 0.0149 | Steps 19670
Ep:   392 | Reward:     3.9 | Avg Reward:     1.4 | Epsilon: 0.140 | Loss 0.0185 | Steps 19720
Ep:   393 | Reward:     3.9 | Avg Reward:     1.4 | Epsilon: 0.139 | Loss 0.0200 | Steps 19770
Ep:   394 | Reward:    -0.9 | Avg Reward:     1.4 | Epsilon: 0.139 | Loss 0.0195 | Steps 19820
Ep:   395 | Reward:     3.9 | Avg Reward:     1.4 | Epsilon: 0.138 | Loss 0.0201 | Steps 19870
Ep:   396 | Reward:     3.9 | Avg Reward:     1.4 | Epsilon: 0.137 | Loss 0.0144 | Steps 19920
Ep:   397 | Reward:    -5.1 | Avg Reward:     1.3 | Epsilon: 0.137 | Loss 0.0186 | Steps 19970
Ep:   398 | Reward:     4.4 | Avg Reward:     1.3 | Epsilon: 0.136 | Loss 0.0200 | Steps 20025
Ep:   399 | Reward:     3.9 | Avg Reward:     1.3 | Epsilon: 0.135 | Loss 0.0138 | Steps 20075
Ep:   400 | Reward:     3.9 | Avg Reward:     1.3 | Epsilon: 0.135 | Loss 0.0088 | Steps 20125
Ep:   401 | Reward:     3.9 | Avg Reward:     1.3 | Epsilon: 0.134 | Loss 0.0152 | Steps 20175
Ep:   402 | Reward:     0.3 | Avg Reward:     1.3 | Epsilon: 0.133 | Loss 0.0183 | Steps 20225
Ep:   403 | Reward:     4.1 | Avg Reward:     1.3 | Epsilon: 0.133 | Loss 0.0163 | Steps 20277
Ep:   404 | Reward:     3.9 | Avg Reward:     1.3 | Epsilon: 0.132 | Loss 0.0082 | Steps 20327
Ep:   405 | Reward:     8.4 | Avg Reward:     1.3 | Epsilon: 0.131 | Loss 0.0133 | Steps 20413
Ep:   406 | Reward:     3.9 | Avg Reward:     1.3 | Epsilon: 0.131 | Loss 0.0214 | Steps 20463
Ep:   407 | Reward:     6.5 | Avg Reward:     1.4 | Epsilon: 0.130 | Loss 0.0239 | Steps 20530
Ep:   408 | Reward:     4.7 | Avg Reward:     1.4 | Epsilon: 0.129 | Loss 0.0137 | Steps 20588
Ep:   409 | Reward:     4.0 | Avg Reward:     1.4 | Epsilon: 0.129 | Loss 0.0139 | Steps 20639
Ep:   410 | Reward:     3.9 | Avg Reward:     1.4 | Epsilon: 0.128 | Loss 0.0142 | Steps 20689
Ep:   411 | Reward:     3.9 | Avg Reward:     1.4 | Epsilon: 0.127 | Loss 0.0146 | Steps 20739
Ep:   412 | Reward:     3.9 | Avg Reward:     1.4 | Epsilon: 0.127 | Loss 0.0210 | Steps 20789
Ep:   413 | Reward:     3.9 | Avg Reward:     1.4 | Epsilon: 0.126 | Loss 0.0197 | Steps 20839
Ep:   414 | Reward:     3.9 | Avg Reward:     1.4 | Epsilon: 0.126 | Loss 0.0228 | Steps 20889
Ep:   415 | Reward:    17.9 | Avg Reward:     1.5 | Epsilon: 0.125 | Loss 0.0217 | Steps 21052
Ep:   416 | Reward:     4.7 | Avg Reward:     1.5 | Epsilon: 0.124 | Loss 0.0219 | Steps 21110
Ep:   417 | Reward:     8.4 | Avg Reward:     1.6 | Epsilon: 0.124 | Loss 0.0209 | Steps 21196
Ep:   418 | Reward:     4.3 | Avg Reward:     1.6 | Epsilon: 0.123 | Loss 0.0327 | Steps 21250
Ep:   419 | Reward:     3.9 | Avg Reward:     1.6 | Epsilon: 0.122 | Loss 0.0285 | Steps 21300
Ep:   420 | Reward:     3.9 | Avg Reward:     1.6 | Epsilon: 0.122 | Loss 0.0146 | Steps 21350
Ep:   421 | Reward:     6.6 | Avg Reward:     1.7 | Epsilon: 0.121 | Loss 0.0144 | Steps 21418
Ep:   422 | Reward:     4.4 | Avg Reward:     1.7 | Epsilon: 0.121 | Loss 0.0137 | Steps 21473
Ep:   423 | Reward:     4.4 | Avg Reward:     1.7 | Epsilon: 0.120 | Loss 0.0212 | Steps 21528
Ep:   424 | Reward:     3.9 | Avg Reward:     1.7 | Epsilon: 0.119 | Loss 0.0204 | Steps 21578
Ep:   425 | Reward:    12.9 | Avg Reward:     1.8 | Epsilon: 0.119 | Loss 0.0173 | Steps 21700
Ep:   426 | Reward:     6.0 | Avg Reward:     1.8 | Epsilon: 0.118 | Loss 0.0244 | Steps 21762
Ep:   427 | Reward:     3.9 | Avg Reward:     1.8 | Epsilon: 0.118 | Loss 0.0231 | Steps 21812
Ep:   428 | Reward:     4.4 | Avg Reward:     1.8 | Epsilon: 0.117 | Loss 0.0214 | Steps 21867
Ep:   429 | Reward:     3.9 | Avg Reward:     1.9 | Epsilon: 0.116 | Loss 0.0226 | Steps 21917
Ep:   430 | Reward:     3.9 | Avg Reward:     1.9 | Epsilon: 0.116 | Loss 0.0222 | Steps 21967
Ep:   431 | Reward:     3.9 | Avg Reward:     2.0 | Epsilon: 0.115 | Loss 0.0241 | Steps 22017
Ep:   432 | Reward:     6.3 | Avg Reward:     2.0 | Epsilon: 0.115 | Loss 0.0228 | Steps 22082
Ep:   433 | Reward:     4.4 | Avg Reward:     2.0 | Epsilon: 0.114 | Loss 0.0291 | Steps 22137
Ep:   434 | Reward:     6.3 | Avg Reward:     2.1 | Epsilon: 0.114 | Loss 0.0262 | Steps 22202
Ep:   435 | Reward:     3.9 | Avg Reward:     2.1 | Epsilon: 0.113 | Loss 0.0336 | Steps 22252
Ep:   436 | Reward:     8.8 | Avg Reward:     2.1 | Epsilon: 0.112 | Loss 0.0278 | Steps 22342
Ep:   437 | Reward:     3.9 | Avg Reward:     2.1 | Epsilon: 0.112 | Loss 0.0331 | Steps 22392
Ep:   438 | Reward:     3.9 | Avg Reward:     2.1 | Epsilon: 0.111 | Loss 0.0432 | Steps 22442
Ep:   439 | Reward:     3.9 | Avg Reward:     2.1 | Epsilon: 0.111 | Loss 0.0299 | Steps 22492
Ep:   440 | Reward:     3.9 | Avg Reward:     2.1 | Epsilon: 0.110 | Loss 0.0331 | Steps 22542
Ep:   441 | Reward:     4.1 | Avg Reward:     2.1 | Epsilon: 0.110 | Loss 0.0170 | Steps 22594
Ep:   442 | Reward:     3.9 | Avg Reward:     2.1 | Epsilon: 0.109 | Loss 0.0243 | Steps 22644
Ep:   443 | Reward:    -0.9 | Avg Reward:     2.1 | Epsilon: 0.109 | Loss 0.0240 | Steps 22694
Ep:   444 | Reward:    12.9 | Avg Reward:     2.3 | Epsilon: 0.108 | Loss 0.0263 | Steps 22816
Ep:   445 | Reward:     6.1 | Avg Reward:     2.3 | Epsilon: 0.107 | Loss 0.0247 | Steps 22879
Ep:   446 | Reward:     4.9 | Avg Reward:     2.3 | Epsilon: 0.107 | Loss 0.0207 | Steps 22939
Ep:   447 | Reward:     3.9 | Avg Reward:     2.3 | Epsilon: 0.106 | Loss 0.0240 | Steps 22989
Ep:   448 | Reward:     6.3 | Avg Reward:     2.5 | Epsilon: 0.106 | Loss 0.0216 | Steps 23054
Ep:   449 | Reward:     8.7 | Avg Reward:     2.6 | Epsilon: 0.105 | Loss 0.0325 | Steps 23143
Ep:   450 | Reward:     8.4 | Avg Reward:     2.7 | Epsilon: 0.105 | Loss 0.0219 | Steps 23229
Ep:   451 | Reward:     6.7 | Avg Reward:     2.7 | Epsilon: 0.104 | Loss 0.0304 | Steps 23298
Ep:   452 | Reward:    -3.9 | Avg Reward:     2.6 | Epsilon: 0.104 | Loss 0.0231 | Steps 23348
Ep:   453 | Reward:     4.6 | Avg Reward:     2.6 | Epsilon: 0.103 | Loss 0.0187 | Steps 23405
Ep:   454 | Reward:     4.1 | Avg Reward:     2.7 | Epsilon: 0.103 | Loss 0.0292 | Steps 23457
Ep:   455 | Reward:     6.0 | Avg Reward:     2.8 | Epsilon: 0.102 | Loss 0.0285 | Steps 23519
Ep:   456 | Reward:     6.1 | Avg Reward:     2.9 | Epsilon: 0.102 | Loss 0.0300 | Steps 23582
Ep:   457 | Reward:    -0.9 | Avg Reward:     2.9 | Epsilon: 0.101 | Loss 0.0272 | Steps 23632
Ep:   458 | Reward:     4.6 | Avg Reward:     2.9 | Epsilon: 0.101 | Loss 0.0232 | Steps 23689
Ep:   459 | Reward:     4.3 | Avg Reward:     2.9 | Epsilon: 0.100 | Loss 0.0279 | Steps 23743
Ep:   460 | Reward:     3.9 | Avg Reward:     2.9 | Epsilon: 0.100 | Loss 0.0278 | Steps 23793
Ep:   461 | Reward:    -2.7 | Avg Reward:     2.9 | Epsilon: 0.099 | Loss 0.0211 | Steps 23843
Ep:   462 | Reward:     3.9 | Avg Reward:     2.9 | Epsilon: 0.099 | Loss 0.0346 | Steps 23893
Ep:   463 | Reward:    12.9 | Avg Reward:     3.0 | Epsilon: 0.098 | Loss 0.0286 | Steps 24015
Ep:   464 | Reward:    -2.1 | Avg Reward:     3.1 | Epsilon: 0.098 | Loss 0.0320 | Steps 24065
Ep:   465 | Reward:     3.9 | Avg Reward:     3.1 | Epsilon: 0.097 | Loss 0.0403 | Steps 24115
Ep:   466 | Reward:     3.9 | Avg Reward:     3.2 | Epsilon: 0.097 | Loss 0.0379 | Steps 24165
Ep:   467 | Reward:     3.9 | Avg Reward:     3.3 | Epsilon: 0.096 | Loss 0.0244 | Steps 24215
Ep:   468 | Reward:     3.9 | Avg Reward:     3.3 | Epsilon: 0.096 | Loss 0.0173 | Steps 24265
Ep:   469 | Reward:     8.4 | Avg Reward:     3.4 | Epsilon: 0.095 | Loss 0.0304 | Steps 24351
Ep:   470 | Reward:     6.0 | Avg Reward:     3.4 | Epsilon: 0.095 | Loss 0.0365 | Steps 24413
Ep:   471 | Reward:     3.9 | Avg Reward:     3.6 | Epsilon: 0.094 | Loss 0.0196 | Steps 24463
Ep:   472 | Reward:     3.9 | Avg Reward:     3.7 | Epsilon: 0.094 | Loss 0.0253 | Steps 24513
Ep:   473 | Reward:    -6.3 | Avg Reward:     3.7 | Epsilon: 0.093 | Loss 0.0244 | Steps 24563
Ep:   474 | Reward:     0.3 | Avg Reward:     3.7 | Epsilon: 0.093 | Loss 0.0220 | Steps 24613
Ep:   475 | Reward:     3.9 | Avg Reward:     3.8 | Epsilon: 0.092 | Loss 0.0283 | Steps 24663
Ep:   476 | Reward:     3.9 | Avg Reward:     3.8 | Epsilon: 0.092 | Loss 0.0389 | Steps 24713
Ep:   477 | Reward:     4.0 | Avg Reward:     3.8 | Epsilon: 0.092 | Loss 0.0291 | Steps 24764
Ep:   478 | Reward:     3.9 | Avg Reward:     3.8 | Epsilon: 0.091 | Loss 0.0222 | Steps 24814
Ep:   479 | Reward:     4.4 | Avg Reward:     3.9 | Epsilon: 0.091 | Loss 0.0165 | Steps 24869
Ep:   480 | Reward:     4.5 | Avg Reward:     3.9 | Epsilon: 0.090 | Loss 0.0301 | Steps 24925
Ep:   481 | Reward:     3.9 | Avg Reward:     3.9 | Epsilon: 0.090 | Loss 0.0274 | Steps 24975
Ep:   482 | Reward:     4.5 | Avg Reward:     3.9 | Epsilon: 0.089 | Loss 0.0368 | Steps 25031
Ep:   483 | Reward:     3.9 | Avg Reward:     3.9 | Epsilon: 0.089 | Loss 0.0379 | Steps 25081
Ep:   484 | Reward:     4.5 | Avg Reward:     3.9 | Epsilon: 0.088 | Loss 0.0312 | Steps 25137
Ep:   485 | Reward:     4.9 | Avg Reward:     4.0 | Epsilon: 0.088 | Loss 0.0337 | Steps 25197
Ep:   486 | Reward:     0.3 | Avg Reward:     4.0 | Epsilon: 0.088 | Loss 0.0324 | Steps 25247
Ep:   487 | Reward:     4.1 | Avg Reward:     4.1 | Epsilon: 0.087 | Loss 0.0287 | Steps 25299
Ep:   488 | Reward:     3.9 | Avg Reward:     4.1 | Epsilon: 0.087 | Loss 0.0190 | Steps 25349
Ep:   489 | Reward:     1.5 | Avg Reward:     4.2 | Epsilon: 0.086 | Loss 0.0283 | Steps 25399
Ep:   490 | Reward:     3.9 | Avg Reward:     4.2 | Epsilon: 0.086 | Loss 0.0334 | Steps 25449
Ep:   491 | Reward:     4.3 | Avg Reward:     4.3 | Epsilon: 0.085 | Loss 0.0263 | Steps 25503
Ep:   492 | Reward:     3.9 | Avg Reward:     4.3 | Epsilon: 0.085 | Loss 0.0271 | Steps 25553
Ep:   493 | Reward:     3.9 | Avg Reward:     4.3 | Epsilon: 0.084 | Loss 0.0388 | Steps 25603
Ep:   494 | Reward:     3.9 | Avg Reward:     4.3 | Epsilon: 0.084 | Loss 0.0303 | Steps 25653
Ep:   495 | Reward:     3.9 | Avg Reward:     4.3 | Epsilon: 0.084 | Loss 0.0262 | Steps 25703
Ep:   496 | Reward:     3.9 | Avg Reward:     4.3 | Epsilon: 0.083 | Loss 0.0251 | Steps 25753
Ep:   497 | Reward:     4.2 | Avg Reward:     4.4 | Epsilon: 0.083 | Loss 0.0287 | Steps 25806
Ep:   498 | Reward:     4.6 | Avg Reward:     4.4 | Epsilon: 0.082 | Loss 0.0249 | Steps 25863
Ep:   499 | Reward:    -4.5 | Avg Reward:     4.4 | Epsilon: 0.082 | Loss 0.0246 | Steps 25913
Ep:   500 | Reward:     3.9 | Avg Reward:     4.4 | Epsilon: 0.082 | Loss 0.0254 | Steps 25963
Ep:   501 | Reward:     4.8 | Avg Reward:     4.4 | Epsilon: 0.081 | Loss 0.0255 | Steps 26022
Ep:   502 | Reward:     6.3 | Avg Reward:     4.4 | Epsilon: 0.081 | Loss 0.0310 | Steps 26087
Ep:   503 | Reward:     4.6 | Avg Reward:     4.4 | Epsilon: 0.080 | Loss 0.0412 | Steps 26144
Ep:   504 | Reward:     3.9 | Avg Reward:     4.4 | Epsilon: 0.080 | Loss 0.0335 | Steps 26194
Ep:   505 | Reward:    -2.1 | Avg Reward:     4.3 | Epsilon: 0.080 | Loss 0.0216 | Steps 26244
Ep:   506 | Reward:     4.5 | Avg Reward:     4.3 | Epsilon: 0.079 | Loss 0.0317 | Steps 26300
Ep:   507 | Reward:     4.4 | Avg Reward:     4.3 | Epsilon: 0.079 | Loss 0.0288 | Steps 26355
Ep:   508 | Reward:     4.8 | Avg Reward:     4.3 | Epsilon: 0.078 | Loss 0.0298 | Steps 26414
Ep:   509 | Reward:    -6.9 | Avg Reward:     4.2 | Epsilon: 0.078 | Loss 0.0283 | Steps 26464
Ep:   510 | Reward:     5.0 | Avg Reward:     4.2 | Epsilon: 0.078 | Loss 0.0326 | Steps 26525
Ep:   511 | Reward:    -3.9 | Avg Reward:     4.1 | Epsilon: 0.077 | Loss 0.0251 | Steps 26575
Ep:   512 | Reward:     6.2 | Avg Reward:     4.2 | Epsilon: 0.077 | Loss 0.0320 | Steps 26639
Ep:   513 | Reward:     2.7 | Avg Reward:     4.1 | Epsilon: 0.076 | Loss 0.0395 | Steps 26689
Ep:   514 | Reward:     6.5 | Avg Reward:     4.2 | Epsilon: 0.076 | Loss 0.0252 | Steps 26756
Ep:   515 | Reward:     4.4 | Avg Reward:     4.0 | Epsilon: 0.076 | Loss 0.0266 | Steps 26811
Ep:   516 | Reward:    11.1 | Avg Reward:     4.1 | Epsilon: 0.075 | Loss 0.0232 | Steps 26915
Ep:   517 | Reward:     4.4 | Avg Reward:     4.1 | Epsilon: 0.075 | Loss 0.0339 | Steps 26970
Ep:   518 | Reward:     3.9 | Avg Reward:     4.1 | Epsilon: 0.075 | Loss 0.0192 | Steps 27020
Ep:   519 | Reward:     4.4 | Avg Reward:     4.1 | Epsilon: 0.074 | Loss 0.0328 | Steps 27075
Ep:   520 | Reward:    17.9 | Avg Reward:     4.2 | Epsilon: 0.074 | Loss 0.0314 | Steps 27238
Ep:   521 | Reward:     4.5 | Avg Reward:     4.2 | Epsilon: 0.073 | Loss 0.0283 | Steps 27294
Ep:   522 | Reward:     4.9 | Avg Reward:     4.2 | Epsilon: 0.073 | Loss 0.0346 | Steps 27354
Ep:   523 | Reward:    -8.7 | Avg Reward:     4.1 | Epsilon: 0.073 | Loss 0.0392 | Steps 27404
Ep:   524 | Reward:    -0.9 | Avg Reward:     4.0 | Epsilon: 0.072 | Loss 0.0356 | Steps 27454
Ep:   525 | Reward:    -3.3 | Avg Reward:     3.8 | Epsilon: 0.072 | Loss 0.0325 | Steps 27504
Ep:   526 | Reward:     4.8 | Avg Reward:     3.8 | Epsilon: 0.072 | Loss 0.0382 | Steps 27563
Ep:   527 | Reward:     0.3 | Avg Reward:     3.8 | Epsilon: 0.071 | Loss 0.0353 | Steps 27613
Ep:   528 | Reward:     3.9 | Avg Reward:     3.8 | Epsilon: 0.071 | Loss 0.0281 | Steps 27663
Ep:   529 | Reward:    -3.3 | Avg Reward:     3.7 | Epsilon: 0.071 | Loss 0.0392 | Steps 27713
Ep:   530 | Reward:     6.7 | Avg Reward:     3.7 | Epsilon: 0.070 | Loss 0.0245 | Steps 27782
Ep:   531 | Reward:     3.9 | Avg Reward:     3.7 | Epsilon: 0.070 | Loss 0.0215 | Steps 27832
Ep:   532 | Reward:     3.9 | Avg Reward:     3.7 | Epsilon: 0.069 | Loss 0.0227 | Steps 27882
Ep:   533 | Reward:     3.9 | Avg Reward:     3.7 | Epsilon: 0.069 | Loss 0.0395 | Steps 27932
Ep:   534 | Reward:     3.9 | Avg Reward:     3.7 | Epsilon: 0.069 | Loss 0.0293 | Steps 27982
Ep:   535 | Reward:     8.4 | Avg Reward:     3.7 | Epsilon: 0.068 | Loss 0.0289 | Steps 28068
Ep:   536 | Reward:     3.9 | Avg Reward:     3.7 | Epsilon: 0.068 | Loss 0.0428 | Steps 28118
Ep:   537 | Reward:     6.2 | Avg Reward:     3.7 | Epsilon: 0.068 | Loss 0.0280 | Steps 28182
Ep:   538 | Reward:     8.4 | Avg Reward:     3.8 | Epsilon: 0.067 | Loss 0.0364 | Steps 28268
Ep:   539 | Reward:     8.4 | Avg Reward:     3.8 | Epsilon: 0.067 | Loss 0.0304 | Steps 28354
Ep:   540 | Reward:    10.6 | Avg Reward:     3.9 | Epsilon: 0.067 | Loss 0.0363 | Steps 28453
Ep:   541 | Reward:     8.4 | Avg Reward:     3.9 | Epsilon: 0.066 | Loss 0.0329 | Steps 28539
Ep:   542 | Reward:     4.5 | Avg Reward:     3.9 | Epsilon: 0.066 | Loss 0.0285 | Steps 28595
Ep:   543 | Reward:     8.4 | Avg Reward:     4.0 | Epsilon: 0.066 | Loss 0.0307 | Steps 28681
Ep:   544 | Reward:     3.9 | Avg Reward:     3.9 | Epsilon: 0.065 | Loss 0.0400 | Steps 28731
Ep:   545 | Reward:     8.4 | Avg Reward:     3.9 | Epsilon: 0.065 | Loss 0.0444 | Steps 28817
Ep:   546 | Reward:     3.9 | Avg Reward:     3.9 | Epsilon: 0.065 | Loss 0.0298 | Steps 28867
Ep:   547 | Reward:     4.5 | Avg Reward:     3.9 | Epsilon: 0.064 | Loss 0.0393 | Steps 28923
Ep:   548 | Reward:    13.0 | Avg Reward:     4.0 | Epsilon: 0.064 | Loss 0.0361 | Steps 29046
Ep:   549 | Reward:     6.7 | Avg Reward:     4.0 | Epsilon: 0.064 | Loss 0.0297 | Steps 29115
Ep:   550 | Reward:     8.8 | Avg Reward:     4.0 | Epsilon: 0.063 | Loss 0.0368 | Steps 29205
Ep:   551 | Reward:    12.9 | Avg Reward:     4.1 | Epsilon: 0.063 | Loss 0.0388 | Steps 29327
Ep:   552 | Reward:     4.9 | Avg Reward:     4.1 | Epsilon: 0.063 | Loss 0.0323 | Steps 29387
Ep:   553 | Reward:     8.4 | Avg Reward:     4.2 | Epsilon: 0.063 | Loss 0.0399 | Steps 29473
Ep:   554 | Reward:     3.9 | Avg Reward:     4.2 | Epsilon: 0.062 | Loss 0.0403 | Steps 29523
Ep:   555 | Reward:     8.4 | Avg Reward:     4.2 | Epsilon: 0.062 | Loss 0.0370 | Steps 29609
Ep:   556 | Reward:     3.9 | Avg Reward:     4.2 | Epsilon: 0.062 | Loss 0.0317 | Steps 29659
Ep:   557 | Reward:     3.9 | Avg Reward:     4.2 | Epsilon: 0.061 | Loss 0.0288 | Steps 29709
Ep:   558 | Reward:     8.6 | Avg Reward:     4.3 | Epsilon: 0.061 | Loss 0.0351 | Steps 29797
Ep:   559 | Reward:     8.4 | Avg Reward:     4.3 | Epsilon: 0.061 | Loss 0.0395 | Steps 29883
Ep:   560 | Reward:     4.4 | Avg Reward:     4.3 | Epsilon: 0.060 | Loss 0.0335 | Steps 29938
Ep:   561 | Reward:    17.9 | Avg Reward:     4.5 | Epsilon: 0.060 | Loss 0.0364 | Steps 30101
Ep:   562 | Reward:     8.4 | Avg Reward:     4.6 | Epsilon: 0.060 | Loss 0.0465 | Steps 30187
Ep:   563 | Reward:    20.5 | Avg Reward:     4.6 | Epsilon: 0.059 | Loss 0.0305 | Steps 30367
Ep:   564 | Reward:     3.9 | Avg Reward:     4.7 | Epsilon: 0.059 | Loss 0.0294 | Steps 30417
Ep:   565 | Reward:     6.4 | Avg Reward:     4.7 | Epsilon: 0.059 | Loss 0.0480 | Steps 30483
Ep:   566 | Reward:     3.9 | Avg Reward:     4.7 | Epsilon: 0.059 | Loss 0.0328 | Steps 30533
Ep:   567 | Reward:     3.9 | Avg Reward:     4.7 | Epsilon: 0.058 | Loss 0.0553 | Steps 30583
Ep:   568 | Reward:     3.9 | Avg Reward:     4.7 | Epsilon: 0.058 | Loss 0.0340 | Steps 30633
Ep:   569 | Reward:    -3.3 | Avg Reward:     4.6 | Epsilon: 0.058 | Loss 0.0392 | Steps 30683
Ep:   570 | Reward:    10.8 | Avg Reward:     4.7 | Epsilon: 0.057 | Loss 0.0374 | Steps 30784
Ep:   571 | Reward:     6.1 | Avg Reward:     4.7 | Epsilon: 0.057 | Loss 0.0297 | Steps 30847
Ep:   572 | Reward:     3.9 | Avg Reward:     4.7 | Epsilon: 0.057 | Loss 0.0413 | Steps 30897
Ep:   573 | Reward:     6.6 | Avg Reward:     4.8 | Epsilon: 0.057 | Loss 0.0388 | Steps 30965
Ep:   574 | Reward:     3.9 | Avg Reward:     4.8 | Epsilon: 0.056 | Loss 0.0310 | Steps 31015
Ep:   575 | Reward:     5.0 | Avg Reward:     4.9 | Epsilon: 0.056 | Loss 0.0307 | Steps 31076
Ep:   576 | Reward:     6.3 | Avg Reward:     4.9 | Epsilon: 0.056 | Loss 0.0443 | Steps 31141
Ep:   577 | Reward:     3.9 | Avg Reward:     4.9 | Epsilon: 0.055 | Loss 0.0334 | Steps 31191
Ep:   578 | Reward:     8.4 | Avg Reward:     4.9 | Epsilon: 0.055 | Loss 0.0331 | Steps 31277
Ep:   579 | Reward:     6.2 | Avg Reward:     4.9 | Epsilon: 0.055 | Loss 0.0495 | Steps 31341
Ep:   580 | Reward:    15.1 | Avg Reward:     5.0 | Epsilon: 0.055 | Loss 0.0364 | Steps 31476
Ep:   581 | Reward:     5.0 | Avg Reward:     5.1 | Epsilon: 0.054 | Loss 0.0219 | Steps 31537
Ep:   582 | Reward:     6.2 | Avg Reward:     5.1 | Epsilon: 0.054 | Loss 0.0344 | Steps 31601
Ep:   583 | Reward:     6.1 | Avg Reward:     5.1 | Epsilon: 0.054 | Loss 0.0437 | Steps 31664
Ep:   584 | Reward:     4.3 | Avg Reward:     5.1 | Epsilon: 0.054 | Loss 0.0390 | Steps 31718
Ep:   585 | Reward:     3.9 | Avg Reward:     5.1 | Epsilon: 0.053 | Loss 0.0503 | Steps 31768
Ep:   586 | Reward:     4.0 | Avg Reward:     5.1 | Epsilon: 0.053 | Loss 0.0386 | Steps 31819
Ep:   587 | Reward:     8.4 | Avg Reward:     5.2 | Epsilon: 0.053 | Loss 0.0302 | Steps 31905
Ep:   588 | Reward:     8.8 | Avg Reward:     5.2 | Epsilon: 0.052 | Loss 0.0385 | Steps 31995
Ep:   589 | Reward:    12.9 | Avg Reward:     5.3 | Epsilon: 0.052 | Loss 0.0449 | Steps 32117
Ep:   590 | Reward:     3.9 | Avg Reward:     5.3 | Epsilon: 0.052 | Loss 0.0476 | Steps 32167
Ep:   591 | Reward:    22.9 | Avg Reward:     5.5 | Epsilon: 0.052 | Loss 0.0425 | Steps 32371
Ep:   592 | Reward:     4.2 | Avg Reward:     5.5 | Epsilon: 0.051 | Loss 0.0464 | Steps 32424
Ep:   593 | Reward:     4.6 | Avg Reward:     5.5 | Epsilon: 0.051 | Loss 0.0448 | Steps 32481
Ep:   594 | Reward:     3.9 | Avg Reward:     5.5 | Epsilon: 0.051 | Loss 0.0342 | Steps 32531
Ep:   595 | Reward:    17.9 | Avg Reward:     5.7 | Epsilon: 0.051 | Loss 0.0423 | Steps 32694
Ep:   596 | Reward:    13.4 | Avg Reward:     5.8 | Epsilon: 0.050 | Loss 0.0381 | Steps 32821
Ep:   597 | Reward:     3.9 | Avg Reward:     5.8 | Epsilon: 0.050 | Loss 0.0563 | Steps 32871
Ep:   598 | Reward:     6.1 | Avg Reward:     5.8 | Epsilon: 0.050 | Loss 0.0502 | Steps 32934
Ep:   599 | Reward:     3.9 | Avg Reward:     5.9 | Epsilon: 0.050 | Loss 0.0463 | Steps 32984
Ep:   600 | Reward:     8.4 | Avg Reward:     5.9 | Epsilon: 0.049 | Loss 0.0398 | Steps 33070
Ep:   601 | Reward:     8.8 | Avg Reward:     5.9 | Epsilon: 0.049 | Loss 0.0395 | Steps 33160
Ep:   602 | Reward:     3.9 | Avg Reward:     5.9 | Epsilon: 0.049 | Loss 0.0469 | Steps 33210
Ep:   603 | Reward:    11.3 | Avg Reward:     6.0 | Epsilon: 0.049 | Loss 0.0500 | Steps 33316
Ep:   604 | Reward:    12.9 | Avg Reward:     6.1 | Epsilon: 0.048 | Loss 0.0456 | Steps 33438
Ep:   605 | Reward:     6.5 | Avg Reward:     6.2 | Epsilon: 0.048 | Loss 0.0395 | Steps 33505
Ep:   606 | Reward:     8.4 | Avg Reward:     6.2 | Epsilon: 0.048 | Loss 0.0603 | Steps 33591
Ep:   607 | Reward:     4.6 | Avg Reward:     6.2 | Epsilon: 0.048 | Loss 0.0489 | Steps 33648
Ep:   608 | Reward:     4.5 | Avg Reward:     6.2 | Epsilon: 0.047 | Loss 0.0445 | Steps 33704
Ep:   609 | Reward:     3.9 | Avg Reward:     6.3 | Epsilon: 0.047 | Loss 0.0521 | Steps 33754
Ep:   610 | Reward:    11.0 | Avg Reward:     6.4 | Epsilon: 0.047 | Loss 0.0571 | Steps 33857
Ep:   611 | Reward:     4.8 | Avg Reward:     6.5 | Epsilon: 0.047 | Loss 0.0550 | Steps 33916
Ep:   612 | Reward:     8.4 | Avg Reward:     6.5 | Epsilon: 0.047 | Loss 0.0468 | Steps 34002
Ep:   613 | Reward:     4.9 | Avg Reward:     6.5 | Epsilon: 0.046 | Loss 0.0494 | Steps 34062
Ep:   614 | Reward:     8.9 | Avg Reward:     6.5 | Epsilon: 0.046 | Loss 0.0507 | Steps 34153
Ep:   615 | Reward:    13.6 | Avg Reward:     6.6 | Epsilon: 0.046 | Loss 0.0412 | Steps 34282
Ep:   616 | Reward:     2.1 | Avg Reward:     6.5 | Epsilon: 0.046 | Loss 0.0432 | Steps 34332
Ep:   617 | Reward:     8.4 | Avg Reward:     6.6 | Epsilon: 0.045 | Loss 0.0456 | Steps 34418
Ep:   618 | Reward:     3.9 | Avg Reward:     6.6 | Epsilon: 0.045 | Loss 0.0526 | Steps 34468
Ep:   619 | Reward:     6.2 | Avg Reward:     6.6 | Epsilon: 0.045 | Loss 0.0541 | Steps 34532
Ep:   620 | Reward:     6.5 | Avg Reward:     6.5 | Epsilon: 0.045 | Loss 0.0490 | Steps 34599
Ep:   621 | Reward:     3.9 | Avg Reward:     6.5 | Epsilon: 0.044 | Loss 0.0452 | Steps 34649
Ep:   622 | Reward:    12.9 | Avg Reward:     6.5 | Epsilon: 0.044 | Loss 0.0418 | Steps 34771
Ep:   623 | Reward:    -0.3 | Avg Reward:     6.6 | Epsilon: 0.044 | Loss 0.0595 | Steps 34821
Ep:   624 | Reward:     3.9 | Avg Reward:     6.7 | Epsilon: 0.044 | Loss 0.0344 | Steps 34871
Ep:   625 | Reward:     8.4 | Avg Reward:     6.8 | Epsilon: 0.044 | Loss 0.0603 | Steps 34957
Ep:   626 | Reward:     4.8 | Avg Reward:     6.8 | Epsilon: 0.043 | Loss 0.0500 | Steps 35016
Ep:   627 | Reward:     8.4 | Avg Reward:     6.9 | Epsilon: 0.043 | Loss 0.0436 | Steps 35102
Ep:   628 | Reward:     3.9 | Avg Reward:     6.9 | Epsilon: 0.043 | Loss 0.0716 | Steps 35152
Ep:   629 | Reward:    13.4 | Avg Reward:     7.0 | Epsilon: 0.043 | Loss 0.0471 | Steps 35279
Ep:   630 | Reward:     8.6 | Avg Reward:     7.1 | Epsilon: 0.043 | Loss 0.0357 | Steps 35367
Ep:   631 | Reward:     3.9 | Avg Reward:     7.1 | Epsilon: 0.042 | Loss 0.0554 | Steps 35417
Ep:   632 | Reward:     3.9 | Avg Reward:     7.1 | Epsilon: 0.042 | Loss 0.0482 | Steps 35467
Ep:   633 | Reward:     6.3 | Avg Reward:     7.1 | Epsilon: 0.042 | Loss 0.0585 | Steps 35532
Ep:   634 | Reward:     5.0 | Avg Reward:     7.1 | Epsilon: 0.042 | Loss 0.0482 | Steps 35593
Ep:   635 | Reward:    10.9 | Avg Reward:     7.1 | Epsilon: 0.041 | Loss 0.0505 | Steps 35695
Ep:   636 | Reward:    10.5 | Avg Reward:     7.2 | Epsilon: 0.041 | Loss 0.0424 | Steps 35793
Ep:   637 | Reward:     4.8 | Avg Reward:     7.2 | Epsilon: 0.041 | Loss 0.0481 | Steps 35852
Ep:   638 | Reward:    17.9 | Avg Reward:     7.3 | Epsilon: 0.041 | Loss 0.0570 | Steps 36015
Ep:   639 | Reward:    10.8 | Avg Reward:     7.3 | Epsilon: 0.041 | Loss 0.0473 | Steps 36116
Ep:   640 | Reward:     3.9 | Avg Reward:     7.2 | Epsilon: 0.040 | Loss 0.0596 | Steps 36166
Ep:   641 | Reward:     8.4 | Avg Reward:     7.2 | Epsilon: 0.040 | Loss 0.0585 | Steps 36252
Ep:   642 | Reward:    13.7 | Avg Reward:     7.3 | Epsilon: 0.040 | Loss 0.0416 | Steps 36382
Ep:   643 | Reward:     3.9 | Avg Reward:     7.3 | Epsilon: 0.040 | Loss 0.0411 | Steps 36432
Ep:   644 | Reward:     2.7 | Avg Reward:     7.3 | Epsilon: 0.040 | Loss 0.0417 | Steps 36482
Ep:   645 | Reward:     3.9 | Avg Reward:     7.2 | Epsilon: 0.039 | Loss 0.0506 | Steps 36532
Ep:   646 | Reward:     4.4 | Avg Reward:     7.2 | Epsilon: 0.039 | Loss 0.0425 | Steps 36587
Ep:   647 | Reward:     3.9 | Avg Reward:     7.2 | Epsilon: 0.039 | Loss 0.0513 | Steps 36637
Ep:   648 | Reward:     4.4 | Avg Reward:     7.1 | Epsilon: 0.039 | Loss 0.0571 | Steps 36692
Ep:   649 | Reward:     6.6 | Avg Reward:     7.1 | Epsilon: 0.039 | Loss 0.0590 | Steps 36760
Ep:   650 | Reward:     3.9 | Avg Reward:     7.1 | Epsilon: 0.038 | Loss 0.0472 | Steps 36810
Ep:   651 | Reward:    15.5 | Avg Reward:     7.1 | Epsilon: 0.038 | Loss 0.0447 | Steps 36949
Ep:   652 | Reward:     3.9 | Avg Reward:     7.1 | Epsilon: 0.038 | Loss 0.0645 | Steps 36999
Ep:   653 | Reward:     8.4 | Avg Reward:     7.1 | Epsilon: 0.038 | Loss 0.0616 | Steps 37085
Ep:   654 | Reward:     6.1 | Avg Reward:     7.1 | Epsilon: 0.038 | Loss 0.0558 | Steps 37148
Ep:   655 | Reward:     6.6 | Avg Reward:     7.1 | Epsilon: 0.038 | Loss 0.0383 | Steps 37216
Ep:   656 | Reward:     8.4 | Avg Reward:     7.1 | Epsilon: 0.037 | Loss 0.0709 | Steps 37302
Ep:   657 | Reward:     3.9 | Avg Reward:     7.1 | Epsilon: 0.037 | Loss 0.0619 | Steps 37352
Ep:   658 | Reward:    33.1 | Avg Reward:     7.4 | Epsilon: 0.037 | Loss 0.0494 | Steps 37640
Ep:   659 | Reward:     3.9 | Avg Reward:     7.3 | Epsilon: 0.037 | Loss 0.0342 | Steps 37690
Ep:   660 | Reward:    11.2 | Avg Reward:     7.4 | Epsilon: 0.037 | Loss 0.0515 | Steps 37795
Ep:   661 | Reward:     8.4 | Avg Reward:     7.3 | Epsilon: 0.036 | Loss 0.0535 | Steps 37881
Ep:   662 | Reward:     3.9 | Avg Reward:     7.3 | Epsilon: 0.036 | Loss 0.0542 | Steps 37931
Ep:   663 | Reward:    -3.9 | Avg Reward:     7.0 | Epsilon: 0.036 | Loss 0.0520 | Steps 37981
Ep:   664 | Reward:     3.9 | Avg Reward:     7.0 | Epsilon: 0.036 | Loss 0.0727 | Steps 38031
Ep:   665 | Reward:     8.4 | Avg Reward:     7.0 | Epsilon: 0.036 | Loss 0.0528 | Steps 38117
Ep:   666 | Reward:     3.9 | Avg Reward:     7.0 | Epsilon: 0.035 | Loss 0.0323 | Steps 38167
Ep:   667 | Reward:     3.9 | Avg Reward:     7.0 | Epsilon: 0.035 | Loss 0.0447 | Steps 38217
Ep:   668 | Reward:    11.3 | Avg Reward:     7.1 | Epsilon: 0.035 | Loss 0.0576 | Steps 38323
Ep:   669 | Reward:    12.9 | Avg Reward:     7.3 | Epsilon: 0.035 | Loss 0.0439 | Steps 38445
Ep:   670 | Reward:    13.0 | Avg Reward:     7.3 | Epsilon: 0.035 | Loss 0.0624 | Steps 38568
Ep:   671 | Reward:     4.8 | Avg Reward:     7.3 | Epsilon: 0.035 | Loss 0.0569 | Steps 38627
Ep:   672 | Reward:    15.8 | Avg Reward:     7.4 | Epsilon: 0.034 | Loss 0.0489 | Steps 38769
Ep:   673 | Reward:     6.5 | Avg Reward:     7.4 | Epsilon: 0.034 | Loss 0.0568 | Steps 38836
Ep:   674 | Reward:     3.9 | Avg Reward:     7.4 | Epsilon: 0.034 | Loss 0.0581 | Steps 38886
Ep:   675 | Reward:     6.7 | Avg Reward:     7.4 | Epsilon: 0.034 | Loss 0.0551 | Steps 38955
Ep:   676 | Reward:    12.9 | Avg Reward:     7.5 | Epsilon: 0.034 | Loss 0.0473 | Steps 39077
Ep:   677 | Reward:     3.9 | Avg Reward:     7.5 | Epsilon: 0.034 | Loss 0.0572 | Steps 39127
Ep:   678 | Reward:    15.8 | Avg Reward:     7.6 | Epsilon: 0.033 | Loss 0.0540 | Steps 39269
Ep:   679 | Reward:     3.9 | Avg Reward:     7.5 | Epsilon: 0.033 | Loss 0.0691 | Steps 39319
Ep:   680 | Reward:     6.8 | Avg Reward:     7.5 | Epsilon: 0.033 | Loss 0.0548 | Steps 39389
Ep:   681 | Reward:     6.6 | Avg Reward:     7.5 | Epsilon: 0.033 | Loss 0.0619 | Steps 39457
Ep:   682 | Reward:     3.9 | Avg Reward:     7.4 | Epsilon: 0.033 | Loss 0.0549 | Steps 39507
Ep:   683 | Reward:     8.4 | Avg Reward:     7.5 | Epsilon: 0.033 | Loss 0.0651 | Steps 39593
Ep:   684 | Reward:     3.9 | Avg Reward:     7.5 | Epsilon: 0.032 | Loss 0.0408 | Steps 39643
Ep:   685 | Reward:    -2.7 | Avg Reward:     7.4 | Epsilon: 0.032 | Loss 0.0545 | Steps 39693
Ep:   686 | Reward:     6.4 | Avg Reward:     7.4 | Epsilon: 0.032 | Loss 0.0587 | Steps 39759
Ep:   687 | Reward:     6.3 | Avg Reward:     7.4 | Epsilon: 0.032 | Loss 0.0542 | Steps 39824
Ep:   688 | Reward:     3.9 | Avg Reward:     7.4 | Epsilon: 0.032 | Loss 0.0650 | Steps 39874
Ep:   689 | Reward:     6.6 | Avg Reward:     7.3 | Epsilon: 0.032 | Loss 0.0460 | Steps 39942
Ep:   690 | Reward:    32.7 | Avg Reward:     7.6 | Epsilon: 0.031 | Loss 0.0558 | Steps 40226
Ep:   691 | Reward:     6.5 | Avg Reward:     7.4 | Epsilon: 0.031 | Loss 0.0559 | Steps 40293
Ep:   692 | Reward:     6.1 | Avg Reward:     7.4 | Epsilon: 0.031 | Loss 0.0532 | Steps 40356
Ep:   693 | Reward:     4.9 | Avg Reward:     7.4 | Epsilon: 0.031 | Loss 0.0445 | Steps 40416
Ep:   694 | Reward:     3.3 | Avg Reward:     7.4 | Epsilon: 0.031 | Loss 0.0626 | Steps 40466
Ep:   695 | Reward:     3.9 | Avg Reward:     7.3 | Epsilon: 0.031 | Loss 0.0662 | Steps 40516
Ep:   696 | Reward:     3.9 | Avg Reward:     7.2 | Epsilon: 0.031 | Loss 0.0557 | Steps 40566
Ep:   697 | Reward:    24.9 | Avg Reward:     7.4 | Epsilon: 0.030 | Loss 0.0615 | Steps 40781
Ep:   698 | Reward:     3.9 | Avg Reward:     7.4 | Epsilon: 0.030 | Loss 0.0445 | Steps 40831
Ep:   699 | Reward:    11.1 | Avg Reward:     7.5 | Epsilon: 0.030 | Loss 0.0615 | Steps 40935
Ep:   700 | Reward:     8.4 | Avg Reward:     7.5 | Epsilon: 0.030 | Loss 0.0665 | Steps 41021
Ep:   701 | Reward:     3.9 | Avg Reward:     7.4 | Epsilon: 0.030 | Loss 0.0658 | Steps 41071
Ep:   702 | Reward:     6.1 | Avg Reward:     7.4 | Epsilon: 0.030 | Loss 0.0406 | Steps 41134
Ep:   703 | Reward:    12.9 | Avg Reward:     7.4 | Epsilon: 0.029 | Loss 0.0460 | Steps 41256
Ep:   704 | Reward:    12.9 | Avg Reward:     7.4 | Epsilon: 0.029 | Loss 0.0583 | Steps 41378
Ep:   705 | Reward:    15.7 | Avg Reward:     7.5 | Epsilon: 0.029 | Loss 0.0579 | Steps 41519
Ep:   706 | Reward:    12.9 | Avg Reward:     7.6 | Epsilon: 0.029 | Loss 0.0608 | Steps 41641
Ep:   707 | Reward:     8.4 | Avg Reward:     7.6 | Epsilon: 0.029 | Loss 0.0678 | Steps 41727
Ep:   708 | Reward:    15.8 | Avg Reward:     7.7 | Epsilon: 0.029 | Loss 0.0530 | Steps 41869
Ep:   709 | Reward:    11.3 | Avg Reward:     7.8 | Epsilon: 0.029 | Loss 0.0617 | Steps 41975
Ep:   710 | Reward:    10.7 | Avg Reward:     7.8 | Epsilon: 0.028 | Loss 0.0552 | Steps 42075
Ep:   711 | Reward:     4.5 | Avg Reward:     7.8 | Epsilon: 0.028 | Loss 0.0442 | Steps 42131
Ep:   712 | Reward:     8.4 | Avg Reward:     7.8 | Epsilon: 0.028 | Loss 0.0733 | Steps 42217
Ep:   713 | Reward:    20.3 | Avg Reward:     8.0 | Epsilon: 0.028 | Loss 0.0591 | Steps 42395
Ep:   714 | Reward:     4.5 | Avg Reward:     7.9 | Epsilon: 0.028 | Loss 0.0462 | Steps 42451
Ep:   715 | Reward:     9.0 | Avg Reward:     7.9 | Epsilon: 0.028 | Loss 0.0551 | Steps 42543
Ep:   716 | Reward:    15.3 | Avg Reward:     8.0 | Epsilon: 0.028 | Loss 0.0642 | Steps 42680
Ep:   717 | Reward:     9.3 | Avg Reward:     8.0 | Epsilon: 0.027 | Loss 0.0735 | Steps 42775
Ep:   718 | Reward:     3.9 | Avg Reward:     8.0 | Epsilon: 0.027 | Loss 0.0740 | Steps 42825
Ep:   719 | Reward:    26.9 | Avg Reward:     8.2 | Epsilon: 0.027 | Loss 0.0546 | Steps 43060
Ep:   720 | Reward:     6.8 | Avg Reward:     8.2 | Epsilon: 0.027 | Loss 0.0747 | Steps 43130
Ep:   721 | Reward:     6.0 | Avg Reward:     8.2 | Epsilon: 0.027 | Loss 0.0671 | Steps 43192
Ep:   722 | Reward:     8.4 | Avg Reward:     8.2 | Epsilon: 0.027 | Loss 0.0672 | Steps 43278
Ep:   723 | Reward:     8.8 | Avg Reward:     8.3 | Epsilon: 0.027 | Loss 0.0619 | Steps 43368
Ep:   724 | Reward:    17.9 | Avg Reward:     8.4 | Epsilon: 0.027 | Loss 0.0573 | Steps 43531
Ep:   725 | Reward:     6.6 | Avg Reward:     8.4 | Epsilon: 0.026 | Loss 0.0656 | Steps 43599
Ep:   726 | Reward:     8.4 | Avg Reward:     8.4 | Epsilon: 0.026 | Loss 0.0486 | Steps 43685
Ep:   727 | Reward:     8.4 | Avg Reward:     8.4 | Epsilon: 0.026 | Loss 0.0510 | Steps 43771
Ep:   728 | Reward:     6.8 | Avg Reward:     8.5 | Epsilon: 0.026 | Loss 0.0707 | Steps 43841
Ep:   729 | Reward:    12.9 | Avg Reward:     8.5 | Epsilon: 0.026 | Loss 0.0642 | Steps 43963
Ep:   730 | Reward:     3.9 | Avg Reward:     8.4 | Epsilon: 0.026 | Loss 0.0609 | Steps 44013
Ep:   731 | Reward:    12.9 | Avg Reward:     8.5 | Epsilon: 0.026 | Loss 0.0582 | Steps 44135
Ep:   732 | Reward:     3.9 | Avg Reward:     8.5 | Epsilon: 0.025 | Loss 0.0618 | Steps 44185
Ep:   733 | Reward:     4.3 | Avg Reward:     8.5 | Epsilon: 0.025 | Loss 0.0385 | Steps 44239
Ep:   734 | Reward:     8.8 | Avg Reward:     8.5 | Epsilon: 0.025 | Loss 0.0712 | Steps 44329
Ep:   735 | Reward:    41.4 | Avg Reward:     8.8 | Epsilon: 0.025 | Loss 0.0596 | Steps 44682
Ep:   736 | Reward:     4.9 | Avg Reward:     8.8 | Epsilon: 0.025 | Loss 0.0578 | Steps 44742
Ep:   737 | Reward:     9.4 | Avg Reward:     8.8 | Epsilon: 0.025 | Loss 0.0690 | Steps 44838
Ep:   738 | Reward:     3.9 | Avg Reward:     8.7 | Epsilon: 0.025 | Loss 0.0534 | Steps 44888
Ep:   739 | Reward:     6.6 | Avg Reward:     8.6 | Epsilon: 0.025 | Loss 0.0539 | Steps 44956
Ep:   740 | Reward:     6.1 | Avg Reward:     8.7 | Epsilon: 0.024 | Loss 0.0718 | Steps 45019
Ep:   741 | Reward:    13.9 | Avg Reward:     8.7 | Epsilon: 0.024 | Loss 0.0658 | Steps 45151
Ep:   742 | Reward:    12.9 | Avg Reward:     8.7 | Epsilon: 0.024 | Loss 0.0495 | Steps 45273
Ep:   743 | Reward:     3.9 | Avg Reward:     8.7 | Epsilon: 0.024 | Loss 0.0522 | Steps 45323
Ep:   744 | Reward:     6.5 | Avg Reward:     8.7 | Epsilon: 0.024 | Loss 0.0519 | Steps 45390
Ep:   745 | Reward:    10.5 | Avg Reward:     8.8 | Epsilon: 0.024 | Loss 0.0654 | Steps 45488
Ep:   746 | Reward:     3.9 | Avg Reward:     8.8 | Epsilon: 0.024 | Loss 0.0656 | Steps 45538
Ep:   747 | Reward:    18.7 | Avg Reward:     9.0 | Epsilon: 0.024 | Loss 0.0656 | Steps 45709
Ep:   748 | Reward:     3.9 | Avg Reward:     9.0 | Epsilon: 0.024 | Loss 0.0699 | Steps 45759
Ep:   749 | Reward:     6.4 | Avg Reward:     8.9 | Epsilon: 0.023 | Loss 0.0601 | Steps 45825
Ep:   750 | Reward:     8.4 | Avg Reward:     9.0 | Epsilon: 0.023 | Loss 0.0554 | Steps 45911
Ep:   751 | Reward:    31.9 | Avg Reward:     9.2 | Epsilon: 0.023 | Loss 0.0669 | Steps 46187
Ep:   752 | Reward:     8.4 | Avg Reward:     9.2 | Epsilon: 0.023 | Loss 0.0635 | Steps 46273
Ep:   753 | Reward:     6.2 | Avg Reward:     9.2 | Epsilon: 0.023 | Loss 0.0738 | Steps 46337
Ep:   754 | Reward:     4.2 | Avg Reward:     9.2 | Epsilon: 0.023 | Loss 0.0881 | Steps 46390
Ep:   755 | Reward:    22.4 | Avg Reward:     9.3 | Epsilon: 0.023 | Loss 0.0578 | Steps 46589
Ep:   756 | Reward:    38.7 | Avg Reward:     9.6 | Epsilon: 0.023 | Loss 0.0586 | Steps 46915
Ep:   757 | Reward:     8.4 | Avg Reward:     9.7 | Epsilon: 0.022 | Loss 0.0600 | Steps 47001
Ep:   758 | Reward:    17.9 | Avg Reward:     9.5 | Epsilon: 0.022 | Loss 0.0642 | Steps 47164
Ep:   759 | Reward:    31.9 | Avg Reward:     9.8 | Epsilon: 0.022 | Loss 0.0639 | Steps 47440
Ep:   760 | Reward:     8.4 | Avg Reward:     9.8 | Epsilon: 0.022 | Loss 0.0568 | Steps 47526
Ep:   761 | Reward:    15.6 | Avg Reward:     9.8 | Epsilon: 0.022 | Loss 0.0668 | Steps 47666
Ep:   762 | Reward:     6.7 | Avg Reward:     9.9 | Epsilon: 0.022 | Loss 0.0736 | Steps 47735
Ep:   763 | Reward:    26.9 | Avg Reward:    10.2 | Epsilon: 0.022 | Loss 0.0678 | Steps 47970
Ep:   764 | Reward:    14.0 | Avg Reward:    10.3 | Epsilon: 0.022 | Loss 0.0657 | Steps 48103
Ep:   765 | Reward:     8.4 | Avg Reward:    10.3 | Epsilon: 0.022 | Loss 0.0693 | Steps 48189
Ep:   766 | Reward:     6.5 | Avg Reward:    10.3 | Epsilon: 0.022 | Loss 0.0707 | Steps 48256
Ep:   767 | Reward:    26.9 | Avg Reward:    10.5 | Epsilon: 0.021 | Loss 0.0613 | Steps 48491
Ep:   768 | Reward:    25.0 | Avg Reward:    10.7 | Epsilon: 0.021 | Loss 0.0594 | Steps 48707
Ep:   769 | Reward:    60.0 | Avg Reward:    11.1 | Epsilon: 0.021 | Loss 0.0670 | Steps 49210
Ep:   770 | Reward:    10.9 | Avg Reward:    11.1 | Epsilon: 0.021 | Loss 0.0689 | Steps 49312
Ep:   771 | Reward:    15.0 | Avg Reward:    11.2 | Epsilon: 0.021 | Loss 0.0583 | Steps 49446
Ep:   772 | Reward:    12.9 | Avg Reward:    11.2 | Epsilon: 0.021 | Loss 0.0651 | Steps 49568
Ep:   773 | Reward:     6.1 | Avg Reward:    11.2 | Epsilon: 0.021 | Loss 0.0564 | Steps 49631
Ep:   774 | Reward:     8.4 | Avg Reward:    11.2 | Epsilon: 0.021 | Loss 0.0592 | Steps 49717
Ep:   775 | Reward:     8.8 | Avg Reward:    11.3 | Epsilon: 0.021 | Loss 0.0751 | Steps 49807
Ep:   776 | Reward:     8.4 | Avg Reward:    11.2 | Epsilon: 0.020 | Loss 0.0594 | Steps 49893
Ep:   777 | Reward:    11.1 | Avg Reward:    11.3 | Epsilon: 0.020 | Loss 0.0642 | Steps 49997
Ep:   778 | Reward:    15.1 | Avg Reward:    11.3 | Epsilon: 0.020 | Loss 0.0734 | Steps 50132
Ep:   779 | Reward:     6.4 | Avg Reward:    11.3 | Epsilon: 0.020 | Loss 0.0566 | Steps 50198
Ep:   780 | Reward:     8.4 | Avg Reward:    11.3 | Epsilon: 0.020 | Loss 0.0628 | Steps 50284
Ep:   781 | Reward:    17.9 | Avg Reward:    11.4 | Epsilon: 0.020 | Loss 0.0663 | Steps 50447
Ep:   782 | Reward:     4.8 | Avg Reward:    11.4 | Epsilon: 0.020 | Loss 0.0784 | Steps 50506
Ep:   783 | Reward:    22.4 | Avg Reward:    11.6 | Epsilon: 0.020 | Loss 0.0615 | Steps 50705
Ep:   784 | Reward:    12.9 | Avg Reward:    11.7 | Epsilon: 0.020 | Loss 0.0708 | Steps 50827
Ep:   785 | Reward:    17.9 | Avg Reward:    11.9 | Epsilon: 0.020 | Loss 0.0586 | Steps 50990
Ep:   786 | Reward:    34.6 | Avg Reward:    12.2 | Epsilon: 0.019 | Loss 0.0713 | Steps 51284
Ep:   787 | Reward:     8.4 | Avg Reward:    12.2 | Epsilon: 0.019 | Loss 0.0595 | Steps 51370
Ep:   788 | Reward:     9.0 | Avg Reward:    12.2 | Epsilon: 0.019 | Loss 0.0609 | Steps 51462
Ep:   789 | Reward:     6.8 | Avg Reward:    12.2 | Epsilon: 0.019 | Loss 0.0588 | Steps 51532
Ep:   790 | Reward:     8.4 | Avg Reward:    12.0 | Epsilon: 0.019 | Loss 0.0623 | Steps 51618
Ep:   791 | Reward:     3.9 | Avg Reward:    12.0 | Epsilon: 0.019 | Loss 0.0462 | Steps 51668
Ep:   792 | Reward:    36.4 | Avg Reward:    12.3 | Epsilon: 0.019 | Loss 0.0620 | Steps 51980
Ep:   793 | Reward:    17.9 | Avg Reward:    12.4 | Epsilon: 0.019 | Loss 0.0650 | Steps 52143
Ep:   794 | Reward:     3.9 | Avg Reward:    12.4 | Epsilon: 0.019 | Loss 0.0916 | Steps 52193
Ep:   795 | Reward:     3.9 | Avg Reward:    12.4 | Epsilon: 0.019 | Loss 0.0593 | Steps 52243
Ep:   796 | Reward:    36.4 | Avg Reward:    12.7 | Epsilon: 0.019 | Loss 0.0550 | Steps 52555
Ep:   797 | Reward:    12.9 | Avg Reward:    12.6 | Epsilon: 0.018 | Loss 0.0691 | Steps 52677
Ep:   798 | Reward:     6.2 | Avg Reward:    12.6 | Epsilon: 0.018 | Loss 0.0657 | Steps 52741
Ep:   799 | Reward:    10.5 | Avg Reward:    12.6 | Epsilon: 0.018 | Loss 0.0556 | Steps 52839
Ep:   800 | Reward:    12.9 | Avg Reward:    12.7 | Epsilon: 0.018 | Loss 0.0694 | Steps 52961
Ep:   801 | Reward:    17.9 | Avg Reward:    12.8 | Epsilon: 0.018 | Loss 0.0605 | Steps 53124
Ep:   802 | Reward:    36.4 | Avg Reward:    13.1 | Epsilon: 0.018 | Loss 0.0673 | Steps 53436
Ep:   803 | Reward:    22.4 | Avg Reward:    13.2 | Epsilon: 0.018 | Loss 0.0685 | Steps 53635
Ep:   804 | Reward:     8.4 | Avg Reward:    13.2 | Epsilon: 0.018 | Loss 0.0706 | Steps 53721
Ep:   805 | Reward:     3.9 | Avg Reward:    13.0 | Epsilon: 0.018 | Loss 0.0644 | Steps 53771
Ep:   806 | Reward:     8.4 | Avg Reward:    13.0 | Epsilon: 0.018 | Loss 0.0693 | Steps 53857
Ep:   807 | Reward:    17.9 | Avg Reward:    13.1 | Epsilon: 0.018 | Loss 0.0622 | Steps 54020
Ep:   808 | Reward:    15.0 | Avg Reward:    13.1 | Epsilon: 0.017 | Loss 0.0616 | Steps 54154
Ep:   809 | Reward:     3.9 | Avg Reward:    13.0 | Epsilon: 0.017 | Loss 0.0642 | Steps 54204
Ep:   810 | Reward:     8.4 | Avg Reward:    13.0 | Epsilon: 0.017 | Loss 0.0655 | Steps 54290
Ep:   811 | Reward:    12.9 | Avg Reward:    13.1 | Epsilon: 0.017 | Loss 0.0785 | Steps 54412
Ep:   812 | Reward:    25.3 | Avg Reward:    13.2 | Epsilon: 0.017 | Loss 0.0642 | Steps 54631
Ep:   813 | Reward:    12.9 | Avg Reward:    13.2 | Epsilon: 0.017 | Loss 0.0623 | Steps 54753
Ep:   814 | Reward:     4.7 | Avg Reward:    13.2 | Epsilon: 0.017 | Loss 0.0632 | Steps 54811
Ep:   815 | Reward:     6.7 | Avg Reward:    13.1 | Epsilon: 0.017 | Loss 0.0647 | Steps 54880
Ep:   816 | Reward:     3.9 | Avg Reward:    13.0 | Epsilon: 0.017 | Loss 0.0709 | Steps 54930
Ep:   817 | Reward:    12.9 | Avg Reward:    13.1 | Epsilon: 0.017 | Loss 0.0671 | Steps 55052
Ep:   818 | Reward:     8.4 | Avg Reward:    13.1 | Epsilon: 0.017 | Loss 0.0585 | Steps 55138
Ep:   819 | Reward:    46.4 | Avg Reward:    13.3 | Epsilon: 0.016 | Loss 0.0784 | Steps 55532
Ep:   820 | Reward:    32.4 | Avg Reward:    13.6 | Epsilon: 0.016 | Loss 0.0729 | Steps 55813
Ep:   821 | Reward:    10.6 | Avg Reward:    13.6 | Epsilon: 0.016 | Loss 0.0589 | Steps 55912
Ep:   822 | Reward:    26.9 | Avg Reward:    13.8 | Epsilon: 0.016 | Loss 0.0640 | Steps 56147
Ep:   823 | Reward:    22.4 | Avg Reward:    13.9 | Epsilon: 0.016 | Loss 0.0583 | Steps 56346
Ep:   824 | Reward:     3.9 | Avg Reward:    13.8 | Epsilon: 0.016 | Loss 0.0554 | Steps 56396
Ep:   825 | Reward:    20.5 | Avg Reward:    13.9 | Epsilon: 0.016 | Loss 0.0693 | Steps 56576
Ep:   826 | Reward:     8.7 | Avg Reward:    13.9 | Epsilon: 0.016 | Loss 0.0540 | Steps 56665
Ep:   827 | Reward:     8.8 | Avg Reward:    13.9 | Epsilon: 0.016 | Loss 0.0729 | Steps 56755
Ep:   828 | Reward:     8.4 | Avg Reward:    14.0 | Epsilon: 0.016 | Loss 0.0626 | Steps 56841
Ep:   829 | Reward:     4.5 | Avg Reward:    13.9 | Epsilon: 0.016 | Loss 0.0660 | Steps 56897
Ep:   830 | Reward:     8.4 | Avg Reward:    13.9 | Epsilon: 0.016 | Loss 0.0794 | Steps 56983
Ep:   831 | Reward:    12.9 | Avg Reward:    13.9 | Epsilon: 0.016 | Loss 0.0693 | Steps 57105
Ep:   832 | Reward:     3.9 | Avg Reward:    13.9 | Epsilon: 0.015 | Loss 0.0642 | Steps 57155
Ep:   833 | Reward:    23.2 | Avg Reward:    14.1 | Epsilon: 0.015 | Loss 0.0653 | Steps 57362
Ep:   834 | Reward:     8.4 | Avg Reward:    14.1 | Epsilon: 0.015 | Loss 0.0661 | Steps 57448
Ep:   835 | Reward:    22.4 | Avg Reward:    13.9 | Epsilon: 0.015 | Loss 0.0657 | Steps 57647
Ep:   836 | Reward:     8.4 | Avg Reward:    13.9 | Epsilon: 0.015 | Loss 0.0597 | Steps 57733
Ep:   837 | Reward:    10.7 | Avg Reward:    14.0 | Epsilon: 0.015 | Loss 0.0571 | Steps 57833
Ep:   838 | Reward:    12.9 | Avg Reward:    14.0 | Epsilon: 0.015 | Loss 0.0678 | Steps 57955
Ep:   839 | Reward:     8.4 | Avg Reward:    14.1 | Epsilon: 0.015 | Loss 0.0622 | Steps 58041
Ep:   840 | Reward:    22.4 | Avg Reward:    14.2 | Epsilon: 0.015 | Loss 0.0724 | Steps 58240
Ep:   841 | Reward:     9.4 | Avg Reward:    14.2 | Epsilon: 0.015 | Loss 0.0561 | Steps 58336
Ep:   842 | Reward:    27.3 | Avg Reward:    14.3 | Epsilon: 0.015 | Loss 0.0565 | Steps 58575
Ep:   843 | Reward:    15.2 | Avg Reward:    14.4 | Epsilon: 0.015 | Loss 0.0619 | Steps 58711
Ep:   844 | Reward:    12.9 | Avg Reward:    14.5 | Epsilon: 0.015 | Loss 0.0724 | Steps 58833
Ep:   845 | Reward:    18.9 | Avg Reward:    14.6 | Epsilon: 0.014 | Loss 0.0689 | Steps 59006
Ep:   846 | Reward:     8.4 | Avg Reward:    14.6 | Epsilon: 0.014 | Loss 0.0703 | Steps 59092
Ep:   847 | Reward:    11.2 | Avg Reward:    14.6 | Epsilon: 0.014 | Loss 0.0738 | Steps 59197
Ep:   848 | Reward:     8.4 | Avg Reward:    14.6 | Epsilon: 0.014 | Loss 0.0642 | Steps 59283
Ep:   849 | Reward:    15.5 | Avg Reward:    14.7 | Epsilon: 0.014 | Loss 0.0730 | Steps 59422
Ep:   850 | Reward:    17.9 | Avg Reward:    14.8 | Epsilon: 0.014 | Loss 0.0610 | Steps 59585
Ep:   851 | Reward:    40.9 | Avg Reward:    14.9 | Epsilon: 0.014 | Loss 0.0661 | Steps 59933
Ep:   852 | Reward:    15.8 | Avg Reward:    15.0 | Epsilon: 0.014 | Loss 0.0722 | Steps 60075
Ep:   853 | Reward:    26.9 | Avg Reward:    15.2 | Epsilon: 0.014 | Loss 0.0687 | Steps 60310
Ep:   854 | Reward:     8.4 | Avg Reward:    15.2 | Epsilon: 0.014 | Loss 0.0621 | Steps 60396
Ep:   855 | Reward:    12.9 | Avg Reward:    15.1 | Epsilon: 0.014 | Loss 0.0708 | Steps 60518
Ep:   856 | Reward:    20.1 | Avg Reward:    14.9 | Epsilon: 0.014 | Loss 0.0586 | Steps 60694
Ep:   857 | Reward:    12.9 | Avg Reward:    15.0 | Epsilon: 0.014 | Loss 0.0617 | Steps 60816
Ep:   858 | Reward:     3.9 | Avg Reward:    14.8 | Epsilon: 0.014 | Loss 0.0535 | Steps 60866
Ep:   859 | Reward:    36.4 | Avg Reward:    14.9 | Epsilon: 0.013 | Loss 0.0687 | Steps 61178
Ep:   860 | Reward:     6.6 | Avg Reward:    14.9 | Epsilon: 0.013 | Loss 0.0658 | Steps 61246
Ep:   861 | Reward:    54.9 | Avg Reward:    15.2 | Epsilon: 0.013 | Loss 0.0678 | Steps 61707
Ep:   862 | Reward:    10.5 | Avg Reward:    15.3 | Epsilon: 0.013 | Loss 0.0944 | Steps 61805
Ep:   863 | Reward:    17.9 | Avg Reward:    15.2 | Epsilon: 0.013 | Loss 0.0538 | Steps 61968
Ep:   864 | Reward:     3.9 | Avg Reward:    15.1 | Epsilon: 0.013 | Loss 0.0797 | Steps 62018
Ep:   865 | Reward:     5.0 | Avg Reward:    15.1 | Epsilon: 0.013 | Loss 0.0656 | Steps 62079
Ep:   866 | Reward:    24.8 | Avg Reward:    15.2 | Epsilon: 0.013 | Loss 0.0670 | Steps 62293
Ep:   867 | Reward:    54.9 | Avg Reward:    15.5 | Epsilon: 0.013 | Loss 0.0600 | Steps 62754
Ep:   868 | Reward:    11.3 | Avg Reward:    15.4 | Epsilon: 0.013 | Loss 0.0492 | Steps 62860
Ep:   869 | Reward:     9.1 | Avg Reward:    14.9 | Epsilon: 0.013 | Loss 0.0647 | Steps 62953
Ep:   870 | Reward:    22.4 | Avg Reward:    15.0 | Epsilon: 0.013 | Loss 0.0602 | Steps 63152
Ep:   871 | Reward:    48.1 | Avg Reward:    15.3 | Epsilon: 0.013 | Loss 0.0670 | Steps 63554
Ep:   872 | Reward:     6.3 | Avg Reward:    15.3 | Epsilon: 0.013 | Loss 0.0670 | Steps 63619
Ep:   873 | Reward:    96.9 | Avg Reward:    16.2 | Epsilon: 0.013 | Loss 0.0590 | Steps 64419
Ep:   874 | Reward:    41.0 | Avg Reward:    16.5 | Epsilon: 0.013 | Loss 0.0676 | Steps 64768
Ep:   875 | Reward:    26.9 | Avg Reward:    16.7 | Epsilon: 0.012 | Loss 0.0697 | Steps 65003
Ep:   876 | Reward:    40.9 | Avg Reward:    17.0 | Epsilon: 0.012 | Loss 0.0598 | Steps 65351
Ep:   877 | Reward:   138.9 | Avg Reward:    18.3 | Epsilon: 0.012 | Loss 0.0674 | Steps 66490
Ep:   878 | Reward:    54.9 | Avg Reward:    18.7 | Epsilon: 0.012 | Loss 0.0634 | Steps 66951
Ep:   879 | Reward:    10.7 | Avg Reward:    18.7 | Epsilon: 0.012 | Loss 0.0704 | Steps 67051
Ep:   880 | Reward:    12.9 | Avg Reward:    18.8 | Epsilon: 0.012 | Loss 0.0692 | Steps 67173
Ep:   881 | Reward:    22.4 | Avg Reward:    18.8 | Epsilon: 0.012 | Loss 0.0672 | Steps 67372
Ep:   882 | Reward:    36.4 | Avg Reward:    19.1 | Epsilon: 0.012 | Loss 0.0639 | Steps 67684
Ep:   883 | Reward:    13.3 | Avg Reward:    19.0 | Epsilon: 0.012 | Loss 0.0728 | Steps 67810
Ep:   884 | Reward:    56.1 | Avg Reward:    19.5 | Epsilon: 0.012 | Loss 0.0750 | Steps 68283
Ep:   885 | Reward:    26.9 | Avg Reward:    19.6 | Epsilon: 0.012 | Loss 0.0698 | Steps 68518
Ep:   886 | Reward:     8.4 | Avg Reward:    19.3 | Epsilon: 0.012 | Loss 0.0903 | Steps 68604
Ep:   887 | Reward:    22.4 | Avg Reward:    19.4 | Epsilon: 0.012 | Loss 0.0730 | Steps 68803
Ep:   888 | Reward:    42.0 | Avg Reward:    19.8 | Epsilon: 0.012 | Loss 0.0607 | Steps 69162
Ep:   889 | Reward:    20.6 | Avg Reward:    19.9 | Epsilon: 0.012 | Loss 0.0600 | Steps 69343
Ep:   890 | Reward:     3.9 | Avg Reward:    19.9 | Epsilon: 0.012 | Loss 0.0723 | Steps 69393
Ep:   891 | Reward:     3.9 | Avg Reward:    19.9 | Epsilon: 0.011 | Loss 0.0857 | Steps 69443
Ep:   892 | Reward:    41.1 | Avg Reward:    19.9 | Epsilon: 0.011 | Loss 0.0655 | Steps 69793
Ep:   893 | Reward:    12.9 | Avg Reward:    19.8 | Epsilon: 0.011 | Loss 0.0850 | Steps 69915
Ep:   894 | Reward:     8.4 | Avg Reward:    19.9 | Epsilon: 0.011 | Loss 0.0870 | Steps 70001
Ep:   895 | Reward:     4.9 | Avg Reward:    19.9 | Epsilon: 0.011 | Loss 0.0733 | Steps 70061
Ep:   896 | Reward:    20.5 | Avg Reward:    19.7 | Epsilon: 0.011 | Loss 0.0645 | Steps 70241
Ep:   897 | Reward:     8.4 | Avg Reward:    19.7 | Epsilon: 0.011 | Loss 0.0662 | Steps 70327
Ep:   898 | Reward:    13.7 | Avg Reward:    19.8 | Epsilon: 0.011 | Loss 0.0691 | Steps 70457
Ep:   899 | Reward:    18.0 | Avg Reward:    19.9 | Epsilon: 0.011 | Loss 0.0603 | Steps 70621
Ep:   900 | Reward:    96.9 | Avg Reward:    20.7 | Epsilon: 0.011 | Loss 0.0693 | Steps 71421
Ep:   901 | Reward:     4.7 | Avg Reward:    20.6 | Epsilon: 0.011 | Loss 0.0658 | Steps 71479
Ep:   902 | Reward:    39.2 | Avg Reward:    20.6 | Epsilon: 0.011 | Loss 0.0640 | Steps 71810
Ep:   903 | Reward:    18.7 | Avg Reward:    20.5 | Epsilon: 0.011 | Loss 0.0681 | Steps 71981
Ep:   904 | Reward:    12.9 | Avg Reward:    20.6 | Epsilon: 0.011 | Loss 0.0694 | Steps 72103
Ep:   905 | Reward:    26.9 | Avg Reward:    20.8 | Epsilon: 0.011 | Loss 0.0683 | Steps 72338
Ep:   906 | Reward:     8.5 | Avg Reward:    20.8 | Epsilon: 0.011 | Loss 0.0988 | Steps 72425
Ep:   907 | Reward:    40.9 | Avg Reward:    21.1 | Epsilon: 0.011 | Loss 0.0751 | Steps 72773
Ep:   908 | Reward:    10.9 | Avg Reward:    21.0 | Epsilon: 0.011 | Loss 0.0595 | Steps 72875
Ep:   909 | Reward:     8.4 | Avg Reward:    21.1 | Epsilon: 0.010 | Loss 0.0702 | Steps 72961
Ep:   910 | Reward:    12.9 | Avg Reward:    21.1 | Epsilon: 0.010 | Loss 0.0750 | Steps 73083
Ep:   911 | Reward:     8.4 | Avg Reward:    21.1 | Epsilon: 0.010 | Loss 0.0607 | Steps 73169
Ep:   912 | Reward:    26.9 | Avg Reward:    21.1 | Epsilon: 0.010 | Loss 0.0616 | Steps 73404
Ep:   913 | Reward:     6.1 | Avg Reward:    21.0 | Epsilon: 0.010 | Loss 0.0731 | Steps 73467
Ep:   914 | Reward:    20.3 | Avg Reward:    21.2 | Epsilon: 0.010 | Loss 0.0627 | Steps 73645
Ep:   915 | Reward:     3.9 | Avg Reward:    21.1 | Epsilon: 0.010 | Loss 0.0785 | Steps 73695
Ep:   916 | Reward:     8.4 | Avg Reward:    21.2 | Epsilon: 0.010 | Loss 0.0704 | Steps 73781
Ep:   917 | Reward:    36.4 | Avg Reward:    21.4 | Epsilon: 0.010 | Loss 0.0677 | Steps 74093
Ep:   918 | Reward:    20.8 | Avg Reward:    21.5 | Epsilon: 0.010 | Loss 0.0664 | Steps 74276
Ep:   919 | Reward:     6.5 | Avg Reward:    21.1 | Epsilon: 0.010 | Loss 0.0748 | Steps 74343
Ep:   920 | Reward:     6.8 | Avg Reward:    20.9 | Epsilon: 0.010 | Loss 0.0770 | Steps 74413
Ep:   921 | Reward:    12.9 | Avg Reward:    20.9 | Epsilon: 0.010 | Loss 0.0730 | Steps 74535
Ep:   922 | Reward:     8.4 | Avg Reward:    20.7 | Epsilon: 0.010 | Loss 0.0859 | Steps 74621
Ep:   923 | Reward:     8.4 | Avg Reward:    20.6 | Epsilon: 0.010 | Loss 0.0729 | Steps 74707
Ep:   924 | Reward:    18.0 | Avg Reward:    20.7 | Epsilon: 0.010 | Loss 0.0709 | Steps 74871
Ep:   925 | Reward:     8.4 | Avg Reward:    20.6 | Epsilon: 0.010 | Loss 0.0596 | Steps 74957
Ep:   926 | Reward:     6.6 | Avg Reward:    20.6 | Epsilon: 0.010 | Loss 0.0871 | Steps 75025
Ep:   927 | Reward:    43.7 | Avg Reward:    20.9 | Epsilon: 0.010 | Loss 0.0743 | Steps 75392
Ep:   928 | Reward:     8.4 | Avg Reward:    20.9 | Epsilon: 0.010 | Loss 0.0637 | Steps 75478
Ep:   929 | Reward:     6.4 | Avg Reward:    20.9 | Epsilon: 0.010 | Loss 0.0567 | Steps 75544
Ep:   930 | Reward:     4.5 | Avg Reward:    20.9 | Epsilon: 0.010 | Loss 0.0535 | Steps 75600
Ep:   931 | Reward:     3.9 | Avg Reward:    20.8 | Epsilon: 0.010 | Loss 0.0667 | Steps 75650
Ep:   932 | Reward:     8.4 | Avg Reward:    20.9 | Epsilon: 0.010 | Loss 0.0673 | Steps 75736
Ep:   933 | Reward:     6.6 | Avg Reward:    20.7 | Epsilon: 0.010 | Loss 0.0940 | Steps 75804
Ep:   934 | Reward:    24.9 | Avg Reward:    20.9 | Epsilon: 0.010 | Loss 0.0801 | Steps 76019
Ep:   935 | Reward:    78.4 | Avg Reward:    21.4 | Epsilon: 0.010 | Loss 0.0661 | Steps 76670
Ep:   936 | Reward:     8.6 | Avg Reward:    21.4 | Epsilon: 0.010 | Loss 0.0660 | Steps 76758
Ep:   937 | Reward:     8.4 | Avg Reward:    21.4 | Epsilon: 0.010 | Loss 0.0581 | Steps 76844
Ep:   938 | Reward:    26.9 | Avg Reward:    21.5 | Epsilon: 0.010 | Loss 0.0801 | Steps 77079
Ep:   939 | Reward:     8.4 | Avg Reward:    21.5 | Epsilon: 0.010 | Loss 0.0891 | Steps 77165
Ep:   940 | Reward:     8.4 | Avg Reward:    21.4 | Epsilon: 0.010 | Loss 0.0538 | Steps 77251
Ep:   941 | Reward:     3.9 | Avg Reward:    21.3 | Epsilon: 0.010 | Loss 0.0713 | Steps 77301
Ep:   942 | Reward:    17.9 | Avg Reward:    21.3 | Epsilon: 0.010 | Loss 0.0733 | Steps 77464
Ep:   943 | Reward:    27.8 | Avg Reward:    21.4 | Epsilon: 0.010 | Loss 0.0797 | Steps 77708
Ep:   944 | Reward:    36.4 | Avg Reward:    21.6 | Epsilon: 0.010 | Loss 0.0735 | Steps 78020
Ep:   945 | Reward:     3.9 | Avg Reward:    21.5 | Epsilon: 0.010 | Loss 0.0619 | Steps 78070
Ep:   946 | Reward:     6.8 | Avg Reward:    21.4 | Epsilon: 0.010 | Loss 0.0658 | Steps 78140
Ep:   947 | Reward:     8.4 | Avg Reward:    21.4 | Epsilon: 0.010 | Loss 0.0748 | Steps 78226
Ep:   948 | Reward:     8.4 | Avg Reward:    21.4 | Epsilon: 0.010 | Loss 0.0777 | Steps 78312
Ep:   949 | Reward:    14.0 | Avg Reward:    21.4 | Epsilon: 0.010 | Loss 0.0630 | Steps 78445
Ep:   950 | Reward:   108.9 | Avg Reward:    22.3 | Epsilon: 0.010 | Loss 0.0702 | Steps 79338
Ep:   951 | Reward:    12.9 | Avg Reward:    22.0 | Epsilon: 0.010 | Loss 0.0740 | Steps 79460
Ep:   952 | Reward:     4.0 | Avg Reward:    21.9 | Epsilon: 0.010 | Loss 0.0691 | Steps 79511
Ep:   953 | Reward:    12.9 | Avg Reward:    21.8 | Epsilon: 0.010 | Loss 0.0918 | Steps 79633
Ep:   954 | Reward:     3.9 | Avg Reward:    21.7 | Epsilon: 0.010 | Loss 0.0678 | Steps 79683
Ep:   955 | Reward:     8.4 | Avg Reward:    21.7 | Epsilon: 0.010 | Loss 0.0655 | Steps 79769
Ep:   956 | Reward:    11.2 | Avg Reward:    21.6 | Epsilon: 0.010 | Loss 0.0738 | Steps 79874
Ep:   957 | Reward:    12.9 | Avg Reward:    21.6 | Epsilon: 0.010 | Loss 0.0643 | Steps 79996
Ep:   958 | Reward:     3.9 | Avg Reward:    21.6 | Epsilon: 0.010 | Loss 0.0873 | Steps 80046
Ep:   959 | Reward:    67.3 | Avg Reward:    21.9 | Epsilon: 0.010 | Loss 0.0748 | Steps 80604
Ep:   960 | Reward:     8.4 | Avg Reward:    21.9 | Epsilon: 0.010 | Loss 0.0643 | Steps 80690
Ep:   961 | Reward:     6.4 | Avg Reward:    21.4 | Epsilon: 0.010 | Loss 0.0626 | Steps 80756
Ep:   962 | Reward:    34.7 | Avg Reward:    21.7 | Epsilon: 0.010 | Loss 0.0681 | Steps 81051
Ep:   963 | Reward:    40.9 | Avg Reward:    21.9 | Epsilon: 0.010 | Loss 0.0739 | Steps 81399
Ep:   964 | Reward:    40.9 | Avg Reward:    22.3 | Epsilon: 0.010 | Loss 0.0761 | Steps 81747
Ep:   965 | Reward:    12.9 | Avg Reward:    22.4 | Epsilon: 0.010 | Loss 0.0843 | Steps 81869
Ep:   966 | Reward:    12.9 | Avg Reward:    22.2 | Epsilon: 0.010 | Loss 0.0933 | Steps 81991
Ep:   967 | Reward:     8.4 | Avg Reward:    21.8 | Epsilon: 0.010 | Loss 0.0862 | Steps 82077
Ep:   968 | Reward:    54.9 | Avg Reward:    22.2 | Epsilon: 0.010 | Loss 0.0719 | Steps 82538
Ep:   969 | Reward:     8.4 | Avg Reward:    22.2 | Epsilon: 0.010 | Loss 0.0638 | Steps 82624
Ep:   970 | Reward:    17.9 | Avg Reward:    22.2 | Epsilon: 0.010 | Loss 0.0768 | Steps 82787
Ep:   971 | Reward:     3.9 | Avg Reward:    21.7 | Epsilon: 0.010 | Loss 0.0590 | Steps 82837
Ep:   972 | Reward:     6.3 | Avg Reward:    21.7 | Epsilon: 0.010 | Loss 0.0820 | Steps 82902
Ep:   973 | Reward:     3.9 | Avg Reward:    20.8 | Epsilon: 0.010 | Loss 0.0835 | Steps 82952
Ep:   974 | Reward:     5.0 | Avg Reward:    20.4 | Epsilon: 0.010 | Loss 0.0561 | Steps 83013
Ep:   975 | Reward:    10.6 | Avg Reward:    20.3 | Epsilon: 0.010 | Loss 0.0613 | Steps 83112
Ep:   976 | Reward:    99.6 | Avg Reward:    20.9 | Epsilon: 0.010 | Loss 0.0746 | Steps 83930
Ep:   977 | Reward:    12.9 | Avg Reward:    19.6 | Epsilon: 0.010 | Loss 0.0756 | Steps 84052
Ep:   978 | Reward:     6.6 | Avg Reward:    19.1 | Epsilon: 0.010 | Loss 0.0694 | Steps 84120
Ep:   979 | Reward:    25.3 | Avg Reward:    19.3 | Epsilon: 0.010 | Loss 0.0724 | Steps 84339
Ep:   980 | Reward:    17.9 | Avg Reward:    19.3 | Epsilon: 0.010 | Loss 0.0675 | Steps 84502
Ep:   981 | Reward:    12.9 | Avg Reward:    19.2 | Epsilon: 0.010 | Loss 0.0652 | Steps 84624
Ep:   982 | Reward:     8.4 | Avg Reward:    18.9 | Epsilon: 0.010 | Loss 0.0776 | Steps 84710
Ep:   983 | Reward:    32.7 | Avg Reward:    19.1 | Epsilon: 0.010 | Loss 0.0771 | Steps 84994
Ep:   984 | Reward:    34.3 | Avg Reward:    18.9 | Epsilon: 0.010 | Loss 0.0789 | Steps 85285
Ep:   985 | Reward:     6.1 | Avg Reward:    18.7 | Epsilon: 0.010 | Loss 0.0770 | Steps 85348
Ep:   986 | Reward:   101.9 | Avg Reward:    19.6 | Epsilon: 0.010 | Loss 0.0753 | Steps 86189
Ep:   987 | Reward:     8.4 | Avg Reward:    19.5 | Epsilon: 0.010 | Loss 0.0588 | Steps 86275
Ep:   988 | Reward:    38.6 | Avg Reward:    19.5 | Epsilon: 0.010 | Loss 0.0684 | Steps 86600
Ep:   989 | Reward:    36.4 | Avg Reward:    19.6 | Epsilon: 0.010 | Loss 0.0660 | Steps 86912
Ep:   990 | Reward:    22.4 | Avg Reward:    19.8 | Epsilon: 0.010 | Loss 0.0855 | Steps 87111
Ep:   991 | Reward:    12.9 | Avg Reward:    19.9 | Epsilon: 0.010 | Loss 0.0801 | Steps 87233
Ep:   992 | Reward:     6.4 | Avg Reward:    19.5 | Epsilon: 0.010 | Loss 0.0692 | Steps 87299
Ep:   993 | Reward:    36.4 | Avg Reward:    19.8 | Epsilon: 0.010 | Loss 0.0789 | Steps 87611
Ep:   994 | Reward:    12.9 | Avg Reward:    19.8 | Epsilon: 0.010 | Loss 0.0803 | Steps 87733
Ep:   995 | Reward:    68.9 | Avg Reward:    20.5 | Epsilon: 0.010 | Loss 0.0690 | Steps 88307
Ep:   996 | Reward:    13.0 | Avg Reward:    20.4 | Epsilon: 0.010 | Loss 0.0626 | Steps 88430
Ep:   997 | Reward:    26.9 | Avg Reward:    20.6 | Epsilon: 0.010 | Loss 0.0668 | Steps 88665
Ep:   998 | Reward:    82.9 | Avg Reward:    21.3 | Epsilon: 0.010 | Loss 0.0737 | Steps 89352
Ep:   999 | Reward:    26.9 | Avg Reward:    21.4 | Epsilon: 0.010 | Loss 0.0726 | Steps 89587
Ep:  1000 | Reward:    37.6 | Avg Reward:    20.8 | Epsilon: 0.010 | Loss 0.0656 | Steps 89911
Ep:  1001 | Reward:     6.6 | Avg Reward:    20.8 | Epsilon: 0.010 | Loss 0.0543 | Steps 89979
Ep:  1002 | Reward:     3.9 | Avg Reward:    20.4 | Epsilon: 0.010 | Loss 0.0686 | Steps 90029
Ep:  1003 | Reward:    13.4 | Avg Reward:    20.4 | Epsilon: 0.010 | Loss 0.0845 | Steps 90156
Ep:  1004 | Reward:    22.4 | Avg Reward:    20.5 | Epsilon: 0.010 | Loss 0.0828 | Steps 90355
Ep:  1005 | Reward:     9.3 | Avg Reward:    20.3 | Epsilon: 0.010 | Loss 0.0589 | Steps 90450
Ep:  1006 | Reward:     3.9 | Avg Reward:    20.3 | Epsilon: 0.010 | Loss 0.0446 | Steps 90500
Ep:  1007 | Reward:    22.4 | Avg Reward:    20.1 | Epsilon: 0.010 | Loss 0.0768 | Steps 90699
Ep:  1008 | Reward:     3.9 | Avg Reward:    20.0 | Epsilon: 0.010 | Loss 0.0924 | Steps 90749
Ep:  1009 | Reward:     8.4 | Avg Reward:    20.0 | Epsilon: 0.010 | Loss 0.0626 | Steps 90835
Ep:  1010 | Reward:     3.9 | Avg Reward:    19.9 | Epsilon: 0.010 | Loss 0.0879 | Steps 90885
Ep:  1011 | Reward:    78.4 | Avg Reward:    20.6 | Epsilon: 0.010 | Loss 0.0751 | Steps 91536
Ep:  1012 | Reward:    93.4 | Avg Reward:    21.3 | Epsilon: 0.010 | Loss 0.0725 | Steps 92310
Ep:  1013 | Reward:    68.9 | Avg Reward:    21.9 | Epsilon: 0.010 | Loss 0.0778 | Steps 92884
Ep:  1014 | Reward:    12.9 | Avg Reward:    21.8 | Epsilon: 0.010 | Loss 0.0758 | Steps 93006
Ep:  1015 | Reward:    45.9 | Avg Reward:    22.2 | Epsilon: 0.010 | Loss 0.0750 | Steps 93395
Ep:  1016 | Reward:    17.9 | Avg Reward:    22.3 | Epsilon: 0.010 | Loss 0.0760 | Steps 93558
Ep:  1017 | Reward:    43.5 | Avg Reward:    22.4 | Epsilon: 0.010 | Loss 0.0746 | Steps 93923
Ep:  1018 | Reward:    22.8 | Avg Reward:    22.4 | Epsilon: 0.010 | Loss 0.0674 | Steps 94126
Ep:  1019 | Reward:    41.0 | Avg Reward:    22.8 | Epsilon: 0.010 | Loss 0.0742 | Steps 94475
Ep:  1020 | Reward:     3.9 | Avg Reward:    22.7 | Epsilon: 0.010 | Loss 0.0814 | Steps 94525
Ep:  1021 | Reward:    39.3 | Avg Reward:    23.0 | Epsilon: 0.010 | Loss 0.0723 | Steps 94857
Ep:  1022 | Reward:    43.2 | Avg Reward:    23.4 | Epsilon: 0.010 | Loss 0.0642 | Steps 95219
Ep:  1023 | Reward:     6.8 | Avg Reward:    23.3 | Epsilon: 0.010 | Loss 0.0842 | Steps 95289
Ep:  1024 | Reward:    40.9 | Avg Reward:    23.6 | Epsilon: 0.010 | Loss 0.0699 | Steps 95637
Ep:  1025 | Reward:     3.9 | Avg Reward:    23.5 | Epsilon: 0.010 | Loss 0.0730 | Steps 95687
Ep:  1026 | Reward:    50.4 | Avg Reward:    24.0 | Epsilon: 0.010 | Loss 0.0626 | Steps 96112
Ep:  1027 | Reward:    36.4 | Avg Reward:    23.9 | Epsilon: 0.010 | Loss 0.0740 | Steps 96424
Ep:  1028 | Reward:    28.1 | Avg Reward:    24.1 | Epsilon: 0.010 | Loss 0.0811 | Steps 96671
Ep:  1029 | Reward:   148.4 | Avg Reward:    25.5 | Epsilon: 0.010 | Loss 0.0690 | Steps 97887
Ep:  1030 | Reward:     8.7 | Avg Reward:    25.6 | Epsilon: 0.010 | Loss 0.0718 | Steps 97976
Ep:  1031 | Reward:    39.1 | Avg Reward:    25.9 | Epsilon: 0.010 | Loss 0.0639 | Steps 98306
Ep:  1032 | Reward:    18.4 | Avg Reward:    26.0 | Epsilon: 0.010 | Loss 0.0767 | Steps 98474
Ep:  1033 | Reward:     4.8 | Avg Reward:    26.0 | Epsilon: 0.010 | Loss 0.0606 | Steps 98533
Ep:  1034 | Reward:    43.8 | Avg Reward:    26.2 | Epsilon: 0.010 | Loss 0.0740 | Steps 98901
Ep:  1035 | Reward:    46.8 | Avg Reward:    25.9 | Epsilon: 0.010 | Loss 0.0713 | Steps 99299
Ep:  1036 | Reward:    76.4 | Avg Reward:    26.5 | Epsilon: 0.010 | Loss 0.0695 | Steps 99930
Ep:  1037 | Reward:    96.9 | Avg Reward:    27.4 | Epsilon: 0.010 | Loss 0.0703 | Steps 100730
Ep:  1038 | Reward:    22.4 | Avg Reward:    27.4 | Epsilon: 0.010 | Loss 0.0618 | Steps 100929
Ep:  1039 | Reward:   115.9 | Avg Reward:    28.5 | Epsilon: 0.010 | Loss 0.0709 | Steps 101883
Ep:  1040 | Reward:     6.7 | Avg Reward:    28.4 | Epsilon: 0.010 | Loss 0.0795 | Steps 101952
Ep:  1041 | Reward:    23.5 | Avg Reward:    28.6 | Epsilon: 0.010 | Loss 0.0773 | Steps 102162
Ep:  1042 | Reward:    13.0 | Avg Reward:    28.6 | Epsilon: 0.010 | Loss 0.0603 | Steps 102285
Ep:  1043 | Reward:    33.0 | Avg Reward:    28.6 | Epsilon: 0.010 | Loss 0.0706 | Steps 102572
Ep:  1044 | Reward:   101.9 | Avg Reward:    29.3 | Epsilon: 0.010 | Loss 0.0760 | Steps 103413
Ep:  1045 | Reward:    37.0 | Avg Reward:    29.6 | Epsilon: 0.010 | Loss 0.0610 | Steps 103731
Ep:  1046 | Reward:     3.9 | Avg Reward:    29.6 | Epsilon: 0.010 | Loss 0.1003 | Steps 103781
Ep:  1047 | Reward:     8.4 | Avg Reward:    29.6 | Epsilon: 0.010 | Loss 0.0634 | Steps 103867
Ep:  1048 | Reward:    36.4 | Avg Reward:    29.9 | Epsilon: 0.010 | Loss 0.0614 | Steps 104179
Ep:  1049 | Reward:    38.9 | Avg Reward:    30.1 | Epsilon: 0.010 | Loss 0.0681 | Steps 104507
Ep:  1050 | Reward:    34.5 | Avg Reward:    29.4 | Epsilon: 0.010 | Loss 0.0660 | Steps 104800
Ep:  1051 | Reward:    31.9 | Avg Reward:    29.6 | Epsilon: 0.010 | Loss 0.0784 | Steps 105076
Ep:  1052 | Reward:    29.3 | Avg Reward:    29.8 | Epsilon: 0.010 | Loss 0.0676 | Steps 105326
Ep:  1053 | Reward:     9.0 | Avg Reward:    29.8 | Epsilon: 0.010 | Loss 0.0889 | Steps 105418
Ep:  1054 | Reward:    43.8 | Avg Reward:    30.2 | Epsilon: 0.010 | Loss 0.0639 | Steps 105786
Ep:  1055 | Reward:    23.6 | Avg Reward:    30.3 | Epsilon: 0.010 | Loss 0.0779 | Steps 105997
Ep:  1056 | Reward:    11.0 | Avg Reward:    30.3 | Epsilon: 0.010 | Loss 0.0821 | Steps 106100
Ep:  1057 | Reward:     9.3 | Avg Reward:    30.3 | Epsilon: 0.010 | Loss 0.0884 | Steps 106195
Ep:  1058 | Reward:     3.9 | Avg Reward:    30.3 | Epsilon: 0.010 | Loss 0.0851 | Steps 106245
Ep:  1059 | Reward:    48.8 | Avg Reward:    30.1 | Epsilon: 0.010 | Loss 0.0753 | Steps 106654
Ep:  1060 | Reward:     6.2 | Avg Reward:    30.1 | Epsilon: 0.010 | Loss 0.0849 | Steps 106718
Ep:  1061 | Reward:    34.8 | Avg Reward:    30.4 | Epsilon: 0.010 | Loss 0.0660 | Steps 107014
Ep:  1062 | Reward:     9.3 | Avg Reward:    30.1 | Epsilon: 0.010 | Loss 0.0676 | Steps 107109
Ep:  1063 | Reward:    12.9 | Avg Reward:    29.8 | Epsilon: 0.010 | Loss 0.0734 | Steps 107231
Ep:  1064 | Reward:     4.1 | Avg Reward:    29.5 | Epsilon: 0.010 | Loss 0.0597 | Steps 107283
Ep:  1065 | Reward:     6.7 | Avg Reward:    29.4 | Epsilon: 0.010 | Loss 0.0656 | Steps 107352
Ep:  1066 | Reward:     4.9 | Avg Reward:    29.3 | Epsilon: 0.010 | Loss 0.0777 | Steps 107412
Ep:  1067 | Reward:    20.4 | Avg Reward:    29.4 | Epsilon: 0.010 | Loss 0.0661 | Steps 107591
Ep:  1068 | Reward:     8.4 | Avg Reward:    29.0 | Epsilon: 0.010 | Loss 0.0867 | Steps 107677
Ep:  1069 | Reward:    34.7 | Avg Reward:    29.2 | Epsilon: 0.010 | Loss 0.0715 | Steps 107972
Ep:  1070 | Reward:    18.3 | Avg Reward:    29.2 | Epsilon: 0.010 | Loss 0.0724 | Steps 108139
Ep:  1071 | Reward:    18.9 | Avg Reward:    29.4 | Epsilon: 0.010 | Loss 0.0748 | Steps 108312
Ep:  1072 | Reward:     6.7 | Avg Reward:    29.4 | Epsilon: 0.010 | Loss 0.0837 | Steps 108381
Ep:  1073 | Reward:    12.9 | Avg Reward:    29.5 | Epsilon: 0.010 | Loss 0.0721 | Steps 108503
Ep:  1074 | Reward:     8.4 | Avg Reward:    29.5 | Epsilon: 0.010 | Loss 0.0884 | Steps 108589
Ep:  1075 | Reward:    12.9 | Avg Reward:    29.5 | Epsilon: 0.010 | Loss 0.0667 | Steps 108711
Ep:  1076 | Reward:    25.3 | Avg Reward:    28.8 | Epsilon: 0.010 | Loss 0.0731 | Steps 108930
Ep:  1077 | Reward:     8.4 | Avg Reward:    28.8 | Epsilon: 0.010 | Loss 0.0875 | Steps 109016
Ep:  1078 | Reward:    41.7 | Avg Reward:    29.1 | Epsilon: 0.010 | Loss 0.0712 | Steps 109372
Ep:  1079 | Reward:    22.4 | Avg Reward:    29.1 | Epsilon: 0.010 | Loss 0.0755 | Steps 109571
Ep:  1080 | Reward:    36.4 | Avg Reward:    29.3 | Epsilon: 0.010 | Loss 0.0827 | Steps 109883
Ep:  1081 | Reward:     3.9 | Avg Reward:    29.2 | Epsilon: 0.010 | Loss 0.0809 | Steps 109933
Ep:  1082 | Reward:    12.9 | Avg Reward:    29.2 | Epsilon: 0.010 | Loss 0.0606 | Steps 110055
Ep:  1083 | Reward:    26.9 | Avg Reward:    29.2 | Epsilon: 0.010 | Loss 0.0655 | Steps 110290
Ep:  1084 | Reward:     3.9 | Avg Reward:    28.9 | Epsilon: 0.010 | Loss 0.0609 | Steps 110340
Ep:  1085 | Reward:    31.9 | Avg Reward:    29.1 | Epsilon: 0.010 | Loss 0.0620 | Steps 110616
Ep:  1086 | Reward:    95.3 | Avg Reward:    29.1 | Epsilon: 0.010 | Loss 0.0715 | Steps 111400
Ep:  1087 | Reward:     8.4 | Avg Reward:    29.1 | Epsilon: 0.010 | Loss 0.0766 | Steps 111486
Ep:  1088 | Reward:     3.9 | Avg Reward:    28.7 | Epsilon: 0.010 | Loss 0.0658 | Steps 111536
Ep:  1089 | Reward:     3.9 | Avg Reward:    28.4 | Epsilon: 0.010 | Loss 0.0337 | Steps 111586
Ep:  1090 | Reward:     3.9 | Avg Reward:    28.2 | Epsilon: 0.010 | Loss 0.0693 | Steps 111636
Ep:  1091 | Reward:    13.7 | Avg Reward:    28.2 | Epsilon: 0.010 | Loss 0.0793 | Steps 111766
Ep:  1092 | Reward:     8.8 | Avg Reward:    28.2 | Epsilon: 0.010 | Loss 0.0634 | Steps 111856
Ep:  1093 | Reward:    43.4 | Avg Reward:    28.3 | Epsilon: 0.010 | Loss 0.0693 | Steps 112220
Ep:  1094 | Reward:    10.5 | Avg Reward:    28.3 | Epsilon: 0.010 | Loss 0.0816 | Steps 112318
Ep:  1095 | Reward:    22.4 | Avg Reward:    27.8 | Epsilon: 0.010 | Loss 0.0822 | Steps 112517
Ep:  1096 | Reward:    11.2 | Avg Reward:    27.8 | Epsilon: 0.010 | Loss 0.0751 | Steps 112622
Ep:  1097 | Reward:    28.1 | Avg Reward:    27.8 | Epsilon: 0.010 | Loss 0.0709 | Steps 112869
Ep:  1098 | Reward:     4.1 | Avg Reward:    27.0 | Epsilon: 0.010 | Loss 0.0573 | Steps 112921
Ep:  1099 | Reward:    23.2 | Avg Reward:    27.0 | Epsilon: 0.010 | Loss 0.0870 | Steps 113128
Ep:  1100 | Reward:    59.9 | Avg Reward:    27.2 | Epsilon: 0.010 | Loss 0.0723 | Steps 113630
Ep:  1101 | Reward:    78.4 | Avg Reward:    27.9 | Epsilon: 0.010 | Loss 0.0758 | Steps 114281
Ep:  1102 | Reward:     6.7 | Avg Reward:    27.9 | Epsilon: 0.010 | Loss 0.0685 | Steps 114350
Ep:  1103 | Reward:     3.9 | Avg Reward:    27.9 | Epsilon: 0.010 | Loss 0.0750 | Steps 114400
Ep:  1104 | Reward:    18.4 | Avg Reward:    27.8 | Epsilon: 0.010 | Loss 0.0816 | Steps 114568
Ep:  1105 | Reward:    40.9 | Avg Reward:    28.1 | Epsilon: 0.010 | Loss 0.0636 | Steps 114916
Ep:  1106 | Reward:    84.0 | Avg Reward:    28.9 | Epsilon: 0.010 | Loss 0.0678 | Steps 115614
Ep:  1107 | Reward:     6.7 | Avg Reward:    28.8 | Epsilon: 0.010 | Loss 0.0791 | Steps 115683
Ep:  1108 | Reward:    68.9 | Avg Reward:    29.4 | Epsilon: 0.010 | Loss 0.0805 | Steps 116257
Ep:  1109 | Reward:    22.4 | Avg Reward:    29.6 | Epsilon: 0.010 | Loss 0.0615 | Steps 116456
Ep:  1110 | Reward:    82.9 | Avg Reward:    30.4 | Epsilon: 0.010 | Loss 0.0719 | Steps 117143
Ep:  1111 | Reward:    51.4 | Avg Reward:    30.1 | Epsilon: 0.010 | Loss 0.0701 | Steps 117578
Ep:  1112 | Reward:    20.4 | Avg Reward:    29.4 | Epsilon: 0.010 | Loss 0.0687 | Steps 117757
Ep:  1113 | Reward:     8.4 | Avg Reward:    28.7 | Epsilon: 0.010 | Loss 0.0674 | Steps 117843
Ep:  1114 | Reward:    12.9 | Avg Reward:    28.7 | Epsilon: 0.010 | Loss 0.0702 | Steps 117965
Ep:  1115 | Reward:    20.2 | Avg Reward:    28.5 | Epsilon: 0.010 | Loss 0.0762 | Steps 118142
Ep:  1116 | Reward:    39.1 | Avg Reward:    28.7 | Epsilon: 0.010 | Loss 0.0723 | Steps 118472
Ep:  1117 | Reward:     3.9 | Avg Reward:    28.3 | Epsilon: 0.010 | Loss 0.0860 | Steps 118522
Ep:  1118 | Reward:    78.4 | Avg Reward:    28.9 | Epsilon: 0.010 | Loss 0.0677 | Steps 119173
Ep:  1119 | Reward:    20.8 | Avg Reward:    28.7 | Epsilon: 0.010 | Loss 0.0714 | Steps 119356
Ep:  1120 | Reward:    22.4 | Avg Reward:    28.8 | Epsilon: 0.010 | Loss 0.0712 | Steps 119555
Ep:  1121 | Reward:    62.8 | Avg Reward:    29.1 | Epsilon: 0.010 | Loss 0.0654 | Steps 120077
Ep:  1122 | Reward:     4.4 | Avg Reward:    28.7 | Epsilon: 0.010 | Loss 0.0678 | Steps 120132
Ep:  1123 | Reward:    31.9 | Avg Reward:    28.9 | Epsilon: 0.010 | Loss 0.0816 | Steps 120408
Ep:  1124 | Reward:     6.8 | Avg Reward:    28.6 | Epsilon: 0.010 | Loss 0.0609 | Steps 120478
Ep:  1125 | Reward:     3.9 | Avg Reward:    28.6 | Epsilon: 0.010 | Loss 0.0742 | Steps 120528
Ep:  1126 | Reward:    41.9 | Avg Reward:    28.5 | Epsilon: 0.010 | Loss 0.0610 | Steps 120886
Ep:  1127 | Reward:    12.9 | Avg Reward:    28.3 | Epsilon: 0.010 | Loss 0.0917 | Steps 121008
Ep:  1128 | Reward:    74.5 | Avg Reward:    28.7 | Epsilon: 0.010 | Loss 0.0634 | Steps 121629
Ep:  1129 | Reward:    15.8 | Avg Reward:    27.4 | Epsilon: 0.010 | Loss 0.0748 | Steps 121771
Ep:  1130 | Reward:    11.3 | Avg Reward:    27.4 | Epsilon: 0.010 | Loss 0.0555 | Steps 121877
